solid OpenSCAD_Model
  facet normal 1 -0 0
    outer loop
      vertex 95 0 45
      vertex 95 70 0
      vertex 95 70 45
    endloop
  endfacet
  facet normal 1 0 0
    outer loop
      vertex 95 70 0
      vertex 95 0 45
      vertex 95 0 0
    endloop
  endfacet
  facet normal 0 0 1
    outer loop
      vertex 95 70 45
      vertex 93 68 45
      vertex 95 0 45
    endloop
  endfacet
  facet normal 0 0 1
    outer loop
      vertex 95 70 45
      vertex 2 68 45
      vertex 93 68 45
    endloop
  endfacet
  facet normal 0 0 1
    outer loop
      vertex 2 68 45
      vertex 0 70 45
      vertex 2 2 45
    endloop
  endfacet
  facet normal -0 0 1
    outer loop
      vertex 0 70 45
      vertex 2 68 45
      vertex 95 70 45
    endloop
  endfacet
  facet normal -0 0 1
    outer loop
      vertex 93 2 45
      vertex 95 0 45
      vertex 93 68 45
    endloop
  endfacet
  facet normal -0 0 1
    outer loop
      vertex 2 2 45
      vertex 95 0 45
      vertex 93 2 45
    endloop
  endfacet
  facet normal 0 0 1
    outer loop
      vertex 2 2 45
      vertex 0 0 45
      vertex 95 0 45
    endloop
  endfacet
  facet normal 0 0 1
    outer loop
      vertex 0 0 45
      vertex 2 2 45
      vertex 0 70 45
    endloop
  endfacet
  facet normal 0 0 -1
    outer loop
      vertex 0 0 0
      vertex 95 70 0
      vertex 95 0 0
    endloop
  endfacet
  facet normal -0 0 -1
    outer loop
      vertex 95 70 0
      vertex 0 0 0
      vertex 0 70 0
    endloop
  endfacet
  facet normal -1 0 0
    outer loop
      vertex 0 0 0
      vertex 0 70 45
      vertex 0 70 0
    endloop
  endfacet
  facet normal -1 -0 0
    outer loop
      vertex 0 70 45
      vertex 0 0 0
      vertex 0 0 45
    endloop
  endfacet
  facet normal 0 1 0
    outer loop
      vertex 95 70 45
      vertex 57.5 70 15
      vertex 0 70 45
    endloop
  endfacet
  facet normal 0 1 -0
    outer loop
      vertex 95 70 0
      vertex 57.5 70 15
      vertex 95 70 45
    endloop
  endfacet
  facet normal 0 1 0
    outer loop
      vertex 57.5 70 3
      vertex 95 70 0
      vertex 37.5 70 3
    endloop
  endfacet
  facet normal 0 1 0
    outer loop
      vertex 57.5 70 15
      vertex 95 70 0
      vertex 57.5 70 3
    endloop
  endfacet
  facet normal 0 1 -0
    outer loop
      vertex 37.5 70 15
      vertex 0 70 45
      vertex 57.5 70 15
    endloop
  endfacet
  facet normal 0 1 0
    outer loop
      vertex 0 70 0
      vertex 37.5 70 15
      vertex 37.5 70 3
    endloop
  endfacet
  facet normal 0 1 0
    outer loop
      vertex 37.5 70 15
      vertex 0 70 0
      vertex 0 70 45
    endloop
  endfacet
  facet normal 0 1 0
    outer loop
      vertex 0 70 0
      vertex 37.5 70 3
      vertex 95 70 0
    endloop
  endfacet
  facet normal 0 -1 0
    outer loop
      vertex 95 0 45
      vertex 79.8201 0 25.2441
      vertex 80 0 25.25
    endloop
  endfacet
  facet normal 0 -1 0
    outer loop
      vertex 77.7135 0 24.0278
      vertex 65.853 0 25.7528
      vertex 66.0489 0 25.2322
    endloop
  endfacet
  facet normal 0 -1 0
    outer loop
      vertex 65.6234 0 26.2595
      vertex 79.6411 0 25.2265
      vertex 79.8201 0 25.2441
    endloop
  endfacet
  facet normal 0 -1 0
    outer loop
      vertex 65.6234 0 26.2595
      vertex 79.4635 0 25.1972
      vertex 79.6411 0 25.2265
    endloop
  endfacet
  facet normal 0 -1 0
    outer loop
      vertex 65.6234 0 26.2595
      vertex 79.2882 0 25.1563
      vertex 79.4635 0 25.1972
    endloop
  endfacet
  facet normal 0 -1 0
    outer loop
      vertex 65.6234 0 26.2595
      vertex 79.116 0 25.1041
      vertex 79.2882 0 25.1563
    endloop
  endfacet
  facet normal 0 -1 0
    outer loop
      vertex 65.6234 0 26.2595
      vertex 78.9476 0 25.0407
      vertex 79.116 0 25.1041
    endloop
  endfacet
  facet normal 0 -1 0
    outer loop
      vertex 65.6234 0 26.2595
      vertex 78.7837 0 24.9664
      vertex 78.9476 0 25.0407
    endloop
  endfacet
  facet normal 0 -1 0
    outer loop
      vertex 65.6234 0 26.2595
      vertex 78.625 0 24.8816
      vertex 78.7837 0 24.9664
    endloop
  endfacet
  facet normal 0 -1 0
    outer loop
      vertex 65.6234 0 26.2595
      vertex 78.4722 0 24.7865
      vertex 78.625 0 24.8816
    endloop
  endfacet
  facet normal 0 -1 0
    outer loop
      vertex 77.6184 0 23.875
      vertex 66.0489 0 25.2322
      vertex 66.2104 0 24.7
    endloop
  endfacet
  facet normal 0 -1 0
    outer loop
      vertex 65.6234 0 26.2595
      vertex 78.3259 0 24.6817
      vertex 78.4722 0 24.7865
    endloop
  endfacet
  facet normal 0 -1 0
    outer loop
      vertex 65.6234 0 26.2595
      vertex 78.1868 0 24.5676
      vertex 78.3259 0 24.6817
    endloop
  endfacet
  facet normal 0 -1 0
    outer loop
      vertex 65.6234 0 26.2595
      vertex 78.0555 0 24.4445
      vertex 78.1868 0 24.5676
    endloop
  endfacet
  facet normal 0 -1 0
    outer loop
      vertex 65.6234 0 26.2595
      vertex 77.9324 0 24.3132
      vertex 78.0555 0 24.4445
    endloop
  endfacet
  facet normal 0 -1 0
    outer loop
      vertex 65.853 0 25.7528
      vertex 77.8183 0 24.1741
      vertex 77.9324 0 24.3132
    endloop
  endfacet
  facet normal 0 -1 0
    outer loop
      vertex 77.4593 0 23.5524
      vertex 66.2104 0 24.7
      vertex 66.3367 0 24.1583
    endloop
  endfacet
  facet normal 0 -1 0
    outer loop
      vertex 65.853 0 25.7528
      vertex 77.7135 0 24.0278
      vertex 77.8183 0 24.1741
    endloop
  endfacet
  facet normal 0 -1 0
    outer loop
      vertex 66.0489 0 25.2322
      vertex 77.6184 0 23.875
      vertex 77.7135 0 24.0278
    endloop
  endfacet
  facet normal 0 -1 0
    outer loop
      vertex 66.2104 0 24.7
      vertex 77.5336 0 23.7163
      vertex 77.6184 0 23.875
    endloop
  endfacet
  facet normal 0 -1 0
    outer loop
      vertex 77.3437 0 23.2118
      vertex 66.3367 0 24.1583
      vertex 66.4273 0 23.6095
    endloop
  endfacet
  facet normal 0 -1 0
    outer loop
      vertex 66.2104 0 24.7
      vertex 77.4593 0 23.5524
      vertex 77.5336 0 23.7163
    endloop
  endfacet
  facet normal 0 -1 0
    outer loop
      vertex 66.3367 0 24.1583
      vertex 77.3959 0 23.384
      vertex 77.4593 0 23.5524
    endloop
  endfacet
  facet normal 0 -1 0
    outer loop
      vertex 66.3367 0 24.1583
      vertex 77.3437 0 23.2118
      vertex 77.3959 0 23.384
    endloop
  endfacet
  facet normal 0 -1 0
    outer loop
      vertex 77.3028 0 23.0365
      vertex 66.4273 0 23.6095
      vertex 66.4818 0 23.0559
    endloop
  endfacet
  facet normal 0 -1 0
    outer loop
      vertex 66.4273 0 23.6095
      vertex 77.3028 0 23.0365
      vertex 77.3437 0 23.2118
    endloop
  endfacet
  facet normal 0 -1 0
    outer loop
      vertex 66.4818 0 23.0559
      vertex 77.2735 0 22.8589
      vertex 77.3028 0 23.0365
    endloop
  endfacet
  facet normal 0 -1 0
    outer loop
      vertex 66.4818 0 23.0559
      vertex 77.2559 0 22.6799
      vertex 77.2735 0 22.8589
    endloop
  endfacet
  facet normal 0 -1 0
    outer loop
      vertex 66.5 0 22.5
      vertex 77.2559 0 22.6799
      vertex 66.4818 0 23.0559
    endloop
  endfacet
  facet normal 0 -1 0
    outer loop
      vertex 66.5 0 22.5
      vertex 77.25 0 22.5
      vertex 77.2559 0 22.6799
    endloop
  endfacet
  facet normal 0 -1 0
    outer loop
      vertex 66.5 0 22.5
      vertex 77.2559 0 22.3201
      vertex 77.25 0 22.5
    endloop
  endfacet
  facet normal 0 -1 0
    outer loop
      vertex 66.4818 0 21.9441
      vertex 77.2559 0 22.3201
      vertex 66.5 0 22.5
    endloop
  endfacet
  facet normal 0 -1 -0
    outer loop
      vertex 77.2559 0 22.3201
      vertex 66.4818 0 21.9441
      vertex 77.2735 0 22.1411
    endloop
  endfacet
  facet normal 0 -1 -0
    outer loop
      vertex 77.2735 0 22.1411
      vertex 66.4818 0 21.9441
      vertex 77.3028 0 21.9635
    endloop
  endfacet
  facet normal 0 -1 0
    outer loop
      vertex 66.4273 0 21.3905
      vertex 77.3028 0 21.9635
      vertex 66.4818 0 21.9441
    endloop
  endfacet
  facet normal 0 -1 -0
    outer loop
      vertex 77.3028 0 21.9635
      vertex 66.4273 0 21.3905
      vertex 77.3437 0 21.7882
    endloop
  endfacet
  facet normal 0 -1 0
    outer loop
      vertex 66.3367 0 20.8417
      vertex 77.3437 0 21.7882
      vertex 66.4273 0 21.3905
    endloop
  endfacet
  facet normal 0 -1 -0
    outer loop
      vertex 77.3437 0 21.7882
      vertex 66.3367 0 20.8417
      vertex 77.3959 0 21.616
    endloop
  endfacet
  facet normal 0 -1 -0
    outer loop
      vertex 77.3959 0 21.616
      vertex 66.3367 0 20.8417
      vertex 77.4593 0 21.4476
    endloop
  endfacet
  facet normal 0 -1 0
    outer loop
      vertex 66.2104 0 20.3
      vertex 77.4593 0 21.4476
      vertex 66.3367 0 20.8417
    endloop
  endfacet
  facet normal 0 -1 -0
    outer loop
      vertex 77.4593 0 21.4476
      vertex 66.2104 0 20.3
      vertex 77.5336 0 21.2837
    endloop
  endfacet
  facet normal 0 -1 -0
    outer loop
      vertex 77.5336 0 21.2837
      vertex 66.2104 0 20.3
      vertex 77.6184 0 21.125
    endloop
  endfacet
  facet normal 0 -1 0
    outer loop
      vertex 66.0489 0 19.7678
      vertex 77.6184 0 21.125
      vertex 66.2104 0 20.3
    endloop
  endfacet
  facet normal 0 -1 -0
    outer loop
      vertex 77.6184 0 21.125
      vertex 66.0489 0 19.7678
      vertex 77.7135 0 20.9722
    endloop
  endfacet
  facet normal 0 -1 0
    outer loop
      vertex 65.853 0 19.2472
      vertex 77.7135 0 20.9722
      vertex 66.0489 0 19.7678
    endloop
  endfacet
  facet normal 0 -1 -0
    outer loop
      vertex 77.7135 0 20.9722
      vertex 65.853 0 19.2472
      vertex 77.8183 0 20.8259
    endloop
  endfacet
  facet normal 0 -1 -0
    outer loop
      vertex 77.8183 0 20.8259
      vertex 65.853 0 19.2472
      vertex 77.9324 0 20.6868
    endloop
  endfacet
  facet normal 0 -1 0
    outer loop
      vertex 65.6234 0 18.7405
      vertex 77.9324 0 20.6868
      vertex 65.853 0 19.2472
    endloop
  endfacet
  facet normal 0 -1 -0
    outer loop
      vertex 77.9324 0 20.6868
      vertex 65.6234 0 18.7405
      vertex 78.0555 0 20.5555
    endloop
  endfacet
  facet normal 0 -1 0
    outer loop
      vertex 65.3612 0 18.25
      vertex 78.0555 0 20.5555
      vertex 65.6234 0 18.7405
    endloop
  endfacet
  facet normal 0 -1 -0
    outer loop
      vertex 78.0555 0 20.5555
      vertex 65.3612 0 18.25
      vertex 78.1868 0 20.4324
    endloop
  endfacet
  facet normal 0 -1 -0
    outer loop
      vertex 78.1868 0 20.4324
      vertex 65.3612 0 18.25
      vertex 78.3259 0 20.3183
    endloop
  endfacet
  facet normal 0 -1 0
    outer loop
      vertex 65.0675 0 17.7777
      vertex 78.3259 0 20.3183
      vertex 65.3612 0 18.25
    endloop
  endfacet
  facet normal 0 -1 -0
    outer loop
      vertex 78.3259 0 20.3183
      vertex 65.0675 0 17.7777
      vertex 78.4722 0 20.2135
    endloop
  endfacet
  facet normal 0 -1 0
    outer loop
      vertex 64.7435 0 17.3255
      vertex 78.4722 0 20.2135
      vertex 65.0675 0 17.7777
    endloop
  endfacet
  facet normal 0 -1 -0
    outer loop
      vertex 78.4722 0 20.2135
      vertex 64.7435 0 17.3255
      vertex 78.625 0 20.1184
    endloop
  endfacet
  facet normal 0 -1 -0
    outer loop
      vertex 78.625 0 20.1184
      vertex 64.7435 0 17.3255
      vertex 78.7837 0 20.0336
    endloop
  endfacet
  facet normal 0 -1 0
    outer loop
      vertex 64.3906 0 16.8956
      vertex 78.7837 0 20.0336
      vertex 64.7435 0 17.3255
    endloop
  endfacet
  facet normal 0 -1 -0
    outer loop
      vertex 78.7837 0 20.0336
      vertex 64.3906 0 16.8956
      vertex 78.9476 0 19.9593
    endloop
  endfacet
  facet normal 0 -1 0
    outer loop
      vertex 64.0104 0 16.4896
      vertex 78.9476 0 19.9593
      vertex 64.3906 0 16.8956
    endloop
  endfacet
  facet normal 0 -1 0
    outer loop
      vertex 33.1095 0 30.9273
      vertex 0 0 45
      vertex 32.5559 0 30.9818
    endloop
  endfacet
  facet normal 0 -1 0
    outer loop
      vertex 0 0 45
      vertex 57.4441 0 30.9818
      vertex 58 0 31
    endloop
  endfacet
  facet normal 0 -1 0
    outer loop
      vertex 56.8905 0 30.9273
      vertex 0 0 45
      vertex 33.1095 0 30.9273
    endloop
  endfacet
  facet normal 0 -1 0
    outer loop
      vertex 0 0 45
      vertex 56.8905 0 30.9273
      vertex 57.4441 0 30.9818
    endloop
  endfacet
  facet normal 0 -1 0
    outer loop
      vertex 33.6583 0 30.8367
      vertex 56.8905 0 30.9273
      vertex 33.1095 0 30.9273
    endloop
  endfacet
  facet normal 0 -1 0
    outer loop
      vertex 33.6583 0 30.8367
      vertex 56.3417 0 30.8367
      vertex 56.8905 0 30.9273
    endloop
  endfacet
  facet normal 0 -1 0
    outer loop
      vertex 34.2 0 30.7104
      vertex 56.3417 0 30.8367
      vertex 33.6583 0 30.8367
    endloop
  endfacet
  facet normal 0 -1 0
    outer loop
      vertex 34.2 0 30.7104
      vertex 55.8 0 30.7104
      vertex 56.3417 0 30.8367
    endloop
  endfacet
  facet normal 0 -1 0
    outer loop
      vertex 34.7322 0 30.5489
      vertex 55.8 0 30.7104
      vertex 34.2 0 30.7104
    endloop
  endfacet
  facet normal 0 -1 0
    outer loop
      vertex 34.7322 0 30.5489
      vertex 55.2678 0 30.5489
      vertex 55.8 0 30.7104
    endloop
  endfacet
  facet normal 0 -1 0
    outer loop
      vertex 35.2528 0 30.353
      vertex 55.2678 0 30.5489
      vertex 34.7322 0 30.5489
    endloop
  endfacet
  facet normal 0 -1 0
    outer loop
      vertex 35.2528 0 30.353
      vertex 54.7472 0 30.353
      vertex 55.2678 0 30.5489
    endloop
  endfacet
  facet normal 0 -1 0
    outer loop
      vertex 35.7595 0 30.1234
      vertex 54.7472 0 30.353
      vertex 35.2528 0 30.353
    endloop
  endfacet
  facet normal 0 -1 0
    outer loop
      vertex 35.7595 0 30.1234
      vertex 54.2405 0 30.1234
      vertex 54.7472 0 30.353
    endloop
  endfacet
  facet normal 0 -1 0
    outer loop
      vertex 36.25 0 29.8612
      vertex 54.2405 0 30.1234
      vertex 35.7595 0 30.1234
    endloop
  endfacet
  facet normal 0 -1 0
    outer loop
      vertex 36.25 0 29.8612
      vertex 53.75 0 29.8612
      vertex 54.2405 0 30.1234
    endloop
  endfacet
  facet normal 0 -1 0
    outer loop
      vertex 36.7223 0 29.5675
      vertex 53.75 0 29.8612
      vertex 36.25 0 29.8612
    endloop
  endfacet
  facet normal 0 -1 0
    outer loop
      vertex 36.7223 0 29.5675
      vertex 53.2777 0 29.5675
      vertex 53.75 0 29.8612
    endloop
  endfacet
  facet normal 0 -1 0
    outer loop
      vertex 37.1745 0 29.2435
      vertex 53.2777 0 29.5675
      vertex 36.7223 0 29.5675
    endloop
  endfacet
  facet normal 0 -1 0
    outer loop
      vertex 37.1745 0 29.2435
      vertex 52.8255 0 29.2435
      vertex 53.2777 0 29.5675
    endloop
  endfacet
  facet normal 0 -1 0
    outer loop
      vertex 37.6044 0 28.8906
      vertex 52.8255 0 29.2435
      vertex 37.1745 0 29.2435
    endloop
  endfacet
  facet normal 0 -1 0
    outer loop
      vertex 37.6044 0 28.8906
      vertex 52.3956 0 28.8906
      vertex 52.8255 0 29.2435
    endloop
  endfacet
  facet normal 0 -1 0
    outer loop
      vertex 38.0104 0 28.5104
      vertex 52.3956 0 28.8906
      vertex 37.6044 0 28.8906
    endloop
  endfacet
  facet normal 0 -1 0
    outer loop
      vertex 38.0104 0 28.5104
      vertex 51.9896 0 28.5104
      vertex 52.3956 0 28.8906
    endloop
  endfacet
  facet normal 0 -1 0
    outer loop
      vertex 38.3906 0 28.1044
      vertex 51.9896 0 28.5104
      vertex 38.0104 0 28.5104
    endloop
  endfacet
  facet normal 0 -1 0
    outer loop
      vertex 38.3906 0 28.1044
      vertex 51.6094 0 28.1044
      vertex 51.9896 0 28.5104
    endloop
  endfacet
  facet normal 0 -1 0
    outer loop
      vertex 38.7435 0 27.6745
      vertex 51.6094 0 28.1044
      vertex 38.3906 0 28.1044
    endloop
  endfacet
  facet normal 0 -1 0
    outer loop
      vertex 38.7435 0 27.6745
      vertex 51.2565 0 27.6745
      vertex 51.6094 0 28.1044
    endloop
  endfacet
  facet normal 0 -1 0
    outer loop
      vertex 39.0675 0 27.2223
      vertex 51.2565 0 27.6745
      vertex 38.7435 0 27.6745
    endloop
  endfacet
  facet normal 0 -1 0
    outer loop
      vertex 39.0675 0 27.2223
      vertex 50.9325 0 27.2223
      vertex 51.2565 0 27.6745
    endloop
  endfacet
  facet normal 0 -1 0
    outer loop
      vertex 39.3612 0 26.75
      vertex 50.9325 0 27.2223
      vertex 39.0675 0 27.2223
    endloop
  endfacet
  facet normal 0 -1 0
    outer loop
      vertex 39.3612 0 26.75
      vertex 50.6388 0 26.75
      vertex 50.9325 0 27.2223
    endloop
  endfacet
  facet normal 0 -1 0
    outer loop
      vertex 39.6234 0 26.2595
      vertex 50.6388 0 26.75
      vertex 39.3612 0 26.75
    endloop
  endfacet
  facet normal 0 -1 0
    outer loop
      vertex 39.6234 0 26.2595
      vertex 50.3766 0 26.2595
      vertex 50.6388 0 26.75
    endloop
  endfacet
  facet normal 0 -1 0
    outer loop
      vertex 39.853 0 25.7528
      vertex 50.3766 0 26.2595
      vertex 39.6234 0 26.2595
    endloop
  endfacet
  facet normal 0 -1 0
    outer loop
      vertex 39.853 0 25.7528
      vertex 50.147 0 25.7528
      vertex 50.3766 0 26.2595
    endloop
  endfacet
  facet normal 0 -1 0
    outer loop
      vertex 40.0489 0 25.2322
      vertex 50.147 0 25.7528
      vertex 39.853 0 25.7528
    endloop
  endfacet
  facet normal 0 -1 0
    outer loop
      vertex 40.0489 0 25.2322
      vertex 49.9511 0 25.2322
      vertex 50.147 0 25.7528
    endloop
  endfacet
  facet normal 0 -1 0
    outer loop
      vertex 40.2104 0 24.7
      vertex 49.9511 0 25.2322
      vertex 40.0489 0 25.2322
    endloop
  endfacet
  facet normal 0 -1 0
    outer loop
      vertex 40.2104 0 24.7
      vertex 49.7896 0 24.7
      vertex 49.9511 0 25.2322
    endloop
  endfacet
  facet normal 0 -1 0
    outer loop
      vertex 40.3367 0 24.1583
      vertex 49.7896 0 24.7
      vertex 40.2104 0 24.7
    endloop
  endfacet
  facet normal 0 -1 0
    outer loop
      vertex 40.3367 0 24.1583
      vertex 49.6633 0 24.1583
      vertex 49.7896 0 24.7
    endloop
  endfacet
  facet normal 0 -1 0
    outer loop
      vertex 40.4273 0 23.6095
      vertex 49.6633 0 24.1583
      vertex 40.3367 0 24.1583
    endloop
  endfacet
  facet normal 0 -1 0
    outer loop
      vertex 40.4273 0 23.6095
      vertex 49.5727 0 23.6095
      vertex 49.6633 0 24.1583
    endloop
  endfacet
  facet normal 0 -1 0
    outer loop
      vertex 40.4818 0 23.0559
      vertex 49.5727 0 23.6095
      vertex 40.4273 0 23.6095
    endloop
  endfacet
  facet normal 0 -1 0
    outer loop
      vertex 40.4818 0 23.0559
      vertex 49.5182 0 23.0559
      vertex 49.5727 0 23.6095
    endloop
  endfacet
  facet normal 0 -1 0
    outer loop
      vertex 40.5 0 22.5
      vertex 49.5182 0 23.0559
      vertex 40.4818 0 23.0559
    endloop
  endfacet
  facet normal 0 -1 0
    outer loop
      vertex 40.5 0 22.5
      vertex 49.5 0 22.5
      vertex 49.5182 0 23.0559
    endloop
  endfacet
  facet normal 0 -1 0
    outer loop
      vertex 40.4818 0 21.9441
      vertex 49.5 0 22.5
      vertex 40.5 0 22.5
    endloop
  endfacet
  facet normal 0 -1 0
    outer loop
      vertex 40.4818 0 21.9441
      vertex 49.5182 0 21.9441
      vertex 49.5 0 22.5
    endloop
  endfacet
  facet normal 0 -1 0
    outer loop
      vertex 40.4273 0 21.3905
      vertex 49.5182 0 21.9441
      vertex 40.4818 0 21.9441
    endloop
  endfacet
  facet normal 0 -1 0
    outer loop
      vertex 40.4273 0 21.3905
      vertex 49.5727 0 21.3905
      vertex 49.5182 0 21.9441
    endloop
  endfacet
  facet normal 0 -1 0
    outer loop
      vertex 40.3367 0 20.8417
      vertex 49.5727 0 21.3905
      vertex 40.4273 0 21.3905
    endloop
  endfacet
  facet normal 0 -1 0
    outer loop
      vertex 40.3367 0 20.8417
      vertex 49.6633 0 20.8417
      vertex 49.5727 0 21.3905
    endloop
  endfacet
  facet normal 0 -1 0
    outer loop
      vertex 40.2104 0 20.3
      vertex 49.6633 0 20.8417
      vertex 40.3367 0 20.8417
    endloop
  endfacet
  facet normal 0 -1 0
    outer loop
      vertex 40.2104 0 20.3
      vertex 49.7896 0 20.3
      vertex 49.6633 0 20.8417
    endloop
  endfacet
  facet normal 0 -1 0
    outer loop
      vertex 40.0489 0 19.7678
      vertex 49.7896 0 20.3
      vertex 40.2104 0 20.3
    endloop
  endfacet
  facet normal 0 -1 0
    outer loop
      vertex 40.0489 0 19.7678
      vertex 49.9511 0 19.7678
      vertex 49.7896 0 20.3
    endloop
  endfacet
  facet normal 0 -1 0
    outer loop
      vertex 39.853 0 19.2472
      vertex 49.9511 0 19.7678
      vertex 40.0489 0 19.7678
    endloop
  endfacet
  facet normal 0 -1 0
    outer loop
      vertex 39.853 0 19.2472
      vertex 50.147 0 19.2472
      vertex 49.9511 0 19.7678
    endloop
  endfacet
  facet normal 0 -1 0
    outer loop
      vertex 39.6234 0 18.7405
      vertex 50.147 0 19.2472
      vertex 39.853 0 19.2472
    endloop
  endfacet
  facet normal 0 -1 0
    outer loop
      vertex 39.6234 0 18.7405
      vertex 50.3766 0 18.7405
      vertex 50.147 0 19.2472
    endloop
  endfacet
  facet normal 0 -1 0
    outer loop
      vertex 39.3612 0 18.25
      vertex 50.3766 0 18.7405
      vertex 39.6234 0 18.7405
    endloop
  endfacet
  facet normal 0 -1 0
    outer loop
      vertex 39.3612 0 18.25
      vertex 50.6388 0 18.25
      vertex 50.3766 0 18.7405
    endloop
  endfacet
  facet normal 0 -1 0
    outer loop
      vertex 39.0675 0 17.7777
      vertex 50.6388 0 18.25
      vertex 39.3612 0 18.25
    endloop
  endfacet
  facet normal 0 -1 0
    outer loop
      vertex 39.0675 0 17.7777
      vertex 50.9325 0 17.7777
      vertex 50.6388 0 18.25
    endloop
  endfacet
  facet normal 0 -1 0
    outer loop
      vertex 38.7435 0 17.3255
      vertex 50.9325 0 17.7777
      vertex 39.0675 0 17.7777
    endloop
  endfacet
  facet normal 0 -1 0
    outer loop
      vertex 38.7435 0 17.3255
      vertex 51.2565 0 17.3255
      vertex 50.9325 0 17.7777
    endloop
  endfacet
  facet normal 0 -1 0
    outer loop
      vertex 38.3906 0 16.8956
      vertex 51.2565 0 17.3255
      vertex 38.7435 0 17.3255
    endloop
  endfacet
  facet normal 0 -1 0
    outer loop
      vertex 38.3906 0 16.8956
      vertex 51.6094 0 16.8956
      vertex 51.2565 0 17.3255
    endloop
  endfacet
  facet normal 0 -1 0
    outer loop
      vertex 38.0104 0 16.4896
      vertex 51.6094 0 16.8956
      vertex 38.3906 0 16.8956
    endloop
  endfacet
  facet normal 0 -1 0
    outer loop
      vertex 38.0104 0 16.4896
      vertex 51.9896 0 16.4896
      vertex 51.6094 0 16.8956
    endloop
  endfacet
  facet normal 0 -1 0
    outer loop
      vertex 37.6044 0 16.1094
      vertex 51.9896 0 16.4896
      vertex 38.0104 0 16.4896
    endloop
  endfacet
  facet normal 0 -1 0
    outer loop
      vertex 37.6044 0 16.1094
      vertex 52.3956 0 16.1094
      vertex 51.9896 0 16.4896
    endloop
  endfacet
  facet normal 0 -1 0
    outer loop
      vertex 37.1745 0 15.7565
      vertex 52.3956 0 16.1094
      vertex 37.6044 0 16.1094
    endloop
  endfacet
  facet normal 0 -1 0
    outer loop
      vertex 37.1745 0 15.7565
      vertex 52.8255 0 15.7565
      vertex 52.3956 0 16.1094
    endloop
  endfacet
  facet normal 0 -1 0
    outer loop
      vertex 36.7223 0 15.4325
      vertex 52.8255 0 15.7565
      vertex 37.1745 0 15.7565
    endloop
  endfacet
  facet normal 0 -1 0
    outer loop
      vertex 36.7223 0 15.4325
      vertex 53.2777 0 15.4325
      vertex 52.8255 0 15.7565
    endloop
  endfacet
  facet normal 0 -1 0
    outer loop
      vertex 36.25 0 15.1388
      vertex 53.2777 0 15.4325
      vertex 36.7223 0 15.4325
    endloop
  endfacet
  facet normal 0 -1 0
    outer loop
      vertex 36.25 0 15.1388
      vertex 53.75 0 15.1388
      vertex 53.2777 0 15.4325
    endloop
  endfacet
  facet normal 0 -1 0
    outer loop
      vertex 35.7595 0 14.8766
      vertex 53.75 0 15.1388
      vertex 36.25 0 15.1388
    endloop
  endfacet
  facet normal 0 -1 0
    outer loop
      vertex 35.7595 0 14.8766
      vertex 54.2405 0 14.8766
      vertex 53.75 0 15.1388
    endloop
  endfacet
  facet normal 0 -1 0
    outer loop
      vertex 35.2528 0 14.647
      vertex 54.2405 0 14.8766
      vertex 35.7595 0 14.8766
    endloop
  endfacet
  facet normal 0 -1 0
    outer loop
      vertex 35.2528 0 14.647
      vertex 54.7472 0 14.647
      vertex 54.2405 0 14.8766
    endloop
  endfacet
  facet normal 0 -1 0
    outer loop
      vertex 34.7322 0 14.4511
      vertex 54.7472 0 14.647
      vertex 35.2528 0 14.647
    endloop
  endfacet
  facet normal 0 -1 0
    outer loop
      vertex 34.7322 0 14.4511
      vertex 55.2678 0 14.4511
      vertex 54.7472 0 14.647
    endloop
  endfacet
  facet normal 0 -1 0
    outer loop
      vertex 34.2 0 14.2896
      vertex 55.2678 0 14.4511
      vertex 34.7322 0 14.4511
    endloop
  endfacet
  facet normal 0 -1 0
    outer loop
      vertex 34.2 0 14.2896
      vertex 55.8 0 14.2896
      vertex 55.2678 0 14.4511
    endloop
  endfacet
  facet normal 0 -1 0
    outer loop
      vertex 33.6583 0 14.1633
      vertex 55.8 0 14.2896
      vertex 34.2 0 14.2896
    endloop
  endfacet
  facet normal 0 -1 0
    outer loop
      vertex 33.6583 0 14.1633
      vertex 56.3417 0 14.1633
      vertex 55.8 0 14.2896
    endloop
  endfacet
  facet normal 0 -1 0
    outer loop
      vertex 33.1095 0 14.0727
      vertex 56.3417 0 14.1633
      vertex 33.6583 0 14.1633
    endloop
  endfacet
  facet normal 0 -1 0
    outer loop
      vertex 33.1095 0 14.0727
      vertex 56.8905 0 14.0727
      vertex 56.3417 0 14.1633
    endloop
  endfacet
  facet normal 0 -1 0
    outer loop
      vertex 0 0 0
      vertex 33.1095 0 14.0727
      vertex 32.5559 0 14.0182
    endloop
  endfacet
  facet normal 0 -1 -0
    outer loop
      vertex 33.1095 0 14.0727
      vertex 0 0 0
      vertex 56.8905 0 14.0727
    endloop
  endfacet
  facet normal 0 -1 0
    outer loop
      vertex 0 0 0
      vertex 32.5559 0 14.0182
      vertex 32 0 14
    endloop
  endfacet
  facet normal 0 -1 0
    outer loop
      vertex 95 0 0
      vertex 56.8905 0 14.0727
      vertex 0 0 0
    endloop
  endfacet
  facet normal 0 -1 0
    outer loop
      vertex 32.5559 0 30.9818
      vertex 0 0 45
      vertex 32 0 31
    endloop
  endfacet
  facet normal 0 -1 0
    outer loop
      vertex 0 0 45
      vertex 31.4441 0 30.9818
      vertex 32 0 31
    endloop
  endfacet
  facet normal 0 -1 0
    outer loop
      vertex 0 0 45
      vertex 30.8905 0 30.9273
      vertex 31.4441 0 30.9818
    endloop
  endfacet
  facet normal 0 -1 0
    outer loop
      vertex 0 0 45
      vertex 30.3417 0 30.8367
      vertex 30.8905 0 30.9273
    endloop
  endfacet
  facet normal 0 -1 0
    outer loop
      vertex 0 0 45
      vertex 29.8 0 30.7104
      vertex 30.3417 0 30.8367
    endloop
  endfacet
  facet normal 0 -1 0
    outer loop
      vertex 0 0 45
      vertex 29.2678 0 30.5489
      vertex 29.8 0 30.7104
    endloop
  endfacet
  facet normal 0 -1 0
    outer loop
      vertex 0 0 45
      vertex 28.7472 0 30.353
      vertex 29.2678 0 30.5489
    endloop
  endfacet
  facet normal 0 -1 0
    outer loop
      vertex 0 0 45
      vertex 28.2405 0 30.1234
      vertex 28.7472 0 30.353
    endloop
  endfacet
  facet normal 0 -1 0
    outer loop
      vertex 0 0 45
      vertex 27.75 0 29.8612
      vertex 28.2405 0 30.1234
    endloop
  endfacet
  facet normal 0 -1 0
    outer loop
      vertex 0 0 45
      vertex 27.2777 0 29.5675
      vertex 27.75 0 29.8612
    endloop
  endfacet
  facet normal 0 -1 0
    outer loop
      vertex 0 0 45
      vertex 26.8255 0 29.2435
      vertex 27.2777 0 29.5675
    endloop
  endfacet
  facet normal 0 -1 0
    outer loop
      vertex 0 0 45
      vertex 26.3956 0 28.8906
      vertex 26.8255 0 29.2435
    endloop
  endfacet
  facet normal 0 -1 0
    outer loop
      vertex 0 0 45
      vertex 25.9896 0 28.5104
      vertex 26.3956 0 28.8906
    endloop
  endfacet
  facet normal 0 -1 0
    outer loop
      vertex 0 0 45
      vertex 25.6094 0 28.1044
      vertex 25.9896 0 28.5104
    endloop
  endfacet
  facet normal 0 -1 0
    outer loop
      vertex 0 0 45
      vertex 25.2565 0 27.6745
      vertex 25.6094 0 28.1044
    endloop
  endfacet
  facet normal 0 -1 0
    outer loop
      vertex 0 0 45
      vertex 24.9325 0 27.2223
      vertex 25.2565 0 27.6745
    endloop
  endfacet
  facet normal 0 -1 0
    outer loop
      vertex 0 0 45
      vertex 24.6388 0 26.75
      vertex 24.9325 0 27.2223
    endloop
  endfacet
  facet normal 0 -1 0
    outer loop
      vertex 0 0 45
      vertex 24.3766 0 26.2595
      vertex 24.6388 0 26.75
    endloop
  endfacet
  facet normal 0 -1 0
    outer loop
      vertex 0 0 45
      vertex 24.147 0 25.7528
      vertex 24.3766 0 26.2595
    endloop
  endfacet
  facet normal 0 -1 0
    outer loop
      vertex 0 0 45
      vertex 23.9511 0 25.2322
      vertex 24.147 0 25.7528
    endloop
  endfacet
  facet normal 0 -1 0
    outer loop
      vertex 0 0 45
      vertex 23.7896 0 24.7
      vertex 23.9511 0 25.2322
    endloop
  endfacet
  facet normal 0 -1 0
    outer loop
      vertex 0 0 45
      vertex 23.6633 0 24.1583
      vertex 23.7896 0 24.7
    endloop
  endfacet
  facet normal 0 -1 0
    outer loop
      vertex 0 0 45
      vertex 23.5727 0 23.6095
      vertex 23.6633 0 24.1583
    endloop
  endfacet
  facet normal 0 -1 0
    outer loop
      vertex 0 0 45
      vertex 23.5182 0 23.0559
      vertex 23.5727 0 23.6095
    endloop
  endfacet
  facet normal 0 -1 0
    outer loop
      vertex 0 0 45
      vertex 23.5 0 22.5
      vertex 23.5182 0 23.0559
    endloop
  endfacet
  facet normal 0 -1 0
    outer loop
      vertex 0 0 0
      vertex 23.5 0 22.5
      vertex 0 0 45
    endloop
  endfacet
  facet normal 0 -1 -0
    outer loop
      vertex 23.5 0 22.5
      vertex 0 0 0
      vertex 23.5182 0 21.9441
    endloop
  endfacet
  facet normal 0 -1 -0
    outer loop
      vertex 23.5182 0 21.9441
      vertex 0 0 0
      vertex 23.5727 0 21.3905
    endloop
  endfacet
  facet normal 0 -1 -0
    outer loop
      vertex 23.5727 0 21.3905
      vertex 0 0 0
      vertex 23.6633 0 20.8417
    endloop
  endfacet
  facet normal 0 -1 -0
    outer loop
      vertex 23.6633 0 20.8417
      vertex 0 0 0
      vertex 23.7896 0 20.3
    endloop
  endfacet
  facet normal 0 -1 -0
    outer loop
      vertex 23.7896 0 20.3
      vertex 0 0 0
      vertex 23.9511 0 19.7678
    endloop
  endfacet
  facet normal 0 -1 -0
    outer loop
      vertex 23.9511 0 19.7678
      vertex 0 0 0
      vertex 24.147 0 19.2472
    endloop
  endfacet
  facet normal 0 -1 -0
    outer loop
      vertex 24.147 0 19.2472
      vertex 0 0 0
      vertex 24.3766 0 18.7405
    endloop
  endfacet
  facet normal 0 -1 -0
    outer loop
      vertex 24.3766 0 18.7405
      vertex 0 0 0
      vertex 24.6388 0 18.25
    endloop
  endfacet
  facet normal 0 -1 -0
    outer loop
      vertex 24.6388 0 18.25
      vertex 0 0 0
      vertex 24.9325 0 17.7777
    endloop
  endfacet
  facet normal 0 -1 -0
    outer loop
      vertex 24.9325 0 17.7777
      vertex 0 0 0
      vertex 25.2565 0 17.3255
    endloop
  endfacet
  facet normal 0 -1 0
    outer loop
      vertex 56.8905 0 14.0727
      vertex 95 0 0
      vertex 57.4441 0 14.0182
    endloop
  endfacet
  facet normal 0 -1 -0
    outer loop
      vertex 31.4441 0 14.0182
      vertex 0 0 0
      vertex 32 0 14
    endloop
  endfacet
  facet normal 0 -1 -0
    outer loop
      vertex 30.8905 0 14.0727
      vertex 0 0 0
      vertex 31.4441 0 14.0182
    endloop
  endfacet
  facet normal 0 -1 -0
    outer loop
      vertex 30.3417 0 14.1633
      vertex 0 0 0
      vertex 30.8905 0 14.0727
    endloop
  endfacet
  facet normal 0 -1 -0
    outer loop
      vertex 29.8 0 14.2896
      vertex 0 0 0
      vertex 30.3417 0 14.1633
    endloop
  endfacet
  facet normal 0 -1 -0
    outer loop
      vertex 29.2678 0 14.4511
      vertex 0 0 0
      vertex 29.8 0 14.2896
    endloop
  endfacet
  facet normal 0 -1 -0
    outer loop
      vertex 28.7472 0 14.647
      vertex 0 0 0
      vertex 29.2678 0 14.4511
    endloop
  endfacet
  facet normal 0 -1 -0
    outer loop
      vertex 28.2405 0 14.8766
      vertex 0 0 0
      vertex 28.7472 0 14.647
    endloop
  endfacet
  facet normal 0 -1 -0
    outer loop
      vertex 27.75 0 15.1388
      vertex 0 0 0
      vertex 28.2405 0 14.8766
    endloop
  endfacet
  facet normal 0 -1 -0
    outer loop
      vertex 27.2777 0 15.4325
      vertex 0 0 0
      vertex 27.75 0 15.1388
    endloop
  endfacet
  facet normal 0 -1 -0
    outer loop
      vertex 26.8255 0 15.7565
      vertex 0 0 0
      vertex 27.2777 0 15.4325
    endloop
  endfacet
  facet normal 0 -1 -0
    outer loop
      vertex 26.3956 0 16.1094
      vertex 0 0 0
      vertex 26.8255 0 15.7565
    endloop
  endfacet
  facet normal 0 -1 -0
    outer loop
      vertex 25.9896 0 16.4896
      vertex 0 0 0
      vertex 26.3956 0 16.1094
    endloop
  endfacet
  facet normal 0 -1 -0
    outer loop
      vertex 25.6094 0 16.8956
      vertex 0 0 0
      vertex 25.9896 0 16.4896
    endloop
  endfacet
  facet normal 0 -1 -0
    outer loop
      vertex 25.2565 0 17.3255
      vertex 0 0 0
      vertex 25.6094 0 16.8956
    endloop
  endfacet
  facet normal 0 -1 0
    outer loop
      vertex 0 0 45
      vertex 58 0 31
      vertex 95 0 45
    endloop
  endfacet
  facet normal 0 -1 0
    outer loop
      vertex 58.5559 0 30.9818
      vertex 95 0 45
      vertex 58 0 31
    endloop
  endfacet
  facet normal 0 -1 0
    outer loop
      vertex 59.1095 0 30.9273
      vertex 95 0 45
      vertex 58.5559 0 30.9818
    endloop
  endfacet
  facet normal 0 -1 0
    outer loop
      vertex 59.6583 0 30.8367
      vertex 95 0 45
      vertex 59.1095 0 30.9273
    endloop
  endfacet
  facet normal 0 -1 0
    outer loop
      vertex 60.2 0 30.7104
      vertex 95 0 45
      vertex 59.6583 0 30.8367
    endloop
  endfacet
  facet normal 0 -1 0
    outer loop
      vertex 60.7322 0 30.5489
      vertex 95 0 45
      vertex 60.2 0 30.7104
    endloop
  endfacet
  facet normal 0 -1 0
    outer loop
      vertex 61.2528 0 30.353
      vertex 95 0 45
      vertex 60.7322 0 30.5489
    endloop
  endfacet
  facet normal 0 -1 0
    outer loop
      vertex 61.7595 0 30.1234
      vertex 95 0 45
      vertex 61.2528 0 30.353
    endloop
  endfacet
  facet normal 0 -1 0
    outer loop
      vertex 62.25 0 29.8612
      vertex 95 0 45
      vertex 61.7595 0 30.1234
    endloop
  endfacet
  facet normal 0 -1 0
    outer loop
      vertex 62.7223 0 29.5675
      vertex 95 0 45
      vertex 62.25 0 29.8612
    endloop
  endfacet
  facet normal 0 -1 0
    outer loop
      vertex 63.1745 0 29.2435
      vertex 95 0 45
      vertex 62.7223 0 29.5675
    endloop
  endfacet
  facet normal 0 -1 0
    outer loop
      vertex 79.8201 0 25.2441
      vertex 63.1745 0 29.2435
      vertex 63.6044 0 28.8906
    endloop
  endfacet
  facet normal 0 -1 0
    outer loop
      vertex 79.8201 0 25.2441
      vertex 63.6044 0 28.8906
      vertex 64.0104 0 28.5104
    endloop
  endfacet
  facet normal 0 -1 0
    outer loop
      vertex 79.8201 0 25.2441
      vertex 64.0104 0 28.5104
      vertex 64.3906 0 28.1044
    endloop
  endfacet
  facet normal 0 -1 0
    outer loop
      vertex 79.8201 0 25.2441
      vertex 64.3906 0 28.1044
      vertex 64.7435 0 27.6745
    endloop
  endfacet
  facet normal 0 -1 0
    outer loop
      vertex 79.8201 0 25.2441
      vertex 64.7435 0 27.6745
      vertex 65.0675 0 27.2223
    endloop
  endfacet
  facet normal 0 -1 0
    outer loop
      vertex 79.8201 0 25.2441
      vertex 65.0675 0 27.2223
      vertex 65.3612 0 26.75
    endloop
  endfacet
  facet normal 0 -1 0
    outer loop
      vertex 79.8201 0 25.2441
      vertex 65.3612 0 26.75
      vertex 65.6234 0 26.2595
    endloop
  endfacet
  facet normal 0 -1 0
    outer loop
      vertex 77.9324 0 24.3132
      vertex 65.6234 0 26.2595
      vertex 65.853 0 25.7528
    endloop
  endfacet
  facet normal 0 -1 0
    outer loop
      vertex 63.1745 0 29.2435
      vertex 79.8201 0 25.2441
      vertex 95 0 45
    endloop
  endfacet
  facet normal 0 -1 0
    outer loop
      vertex 80.1799 0 25.2441
      vertex 95 0 45
      vertex 80 0 25.25
    endloop
  endfacet
  facet normal 0 -1 0
    outer loop
      vertex 80.3589 0 25.2265
      vertex 95 0 45
      vertex 80.1799 0 25.2441
    endloop
  endfacet
  facet normal 0 -1 0
    outer loop
      vertex 80.5365 0 25.1972
      vertex 95 0 45
      vertex 80.3589 0 25.2265
    endloop
  endfacet
  facet normal 0 -1 0
    outer loop
      vertex 80.7118 0 25.1563
      vertex 95 0 45
      vertex 80.5365 0 25.1972
    endloop
  endfacet
  facet normal 0 -1 0
    outer loop
      vertex 80.884 0 25.1041
      vertex 95 0 45
      vertex 80.7118 0 25.1563
    endloop
  endfacet
  facet normal 0 -1 0
    outer loop
      vertex 81.0524 0 25.0407
      vertex 95 0 45
      vertex 80.884 0 25.1041
    endloop
  endfacet
  facet normal 0 -1 0
    outer loop
      vertex 81.2163 0 24.9664
      vertex 95 0 45
      vertex 81.0524 0 25.0407
    endloop
  endfacet
  facet normal 0 -1 0
    outer loop
      vertex 81.375 0 24.8816
      vertex 95 0 45
      vertex 81.2163 0 24.9664
    endloop
  endfacet
  facet normal 0 -1 0
    outer loop
      vertex 81.5278 0 24.7865
      vertex 95 0 45
      vertex 81.375 0 24.8816
    endloop
  endfacet
  facet normal 0 -1 0
    outer loop
      vertex 81.6741 0 24.6817
      vertex 95 0 45
      vertex 81.5278 0 24.7865
    endloop
  endfacet
  facet normal 0 -1 0
    outer loop
      vertex 81.8132 0 24.5676
      vertex 95 0 45
      vertex 81.6741 0 24.6817
    endloop
  endfacet
  facet normal 0 -1 0
    outer loop
      vertex 81.9445 0 24.4445
      vertex 95 0 45
      vertex 81.8132 0 24.5676
    endloop
  endfacet
  facet normal 0 -1 0
    outer loop
      vertex 82.0676 0 24.3132
      vertex 95 0 45
      vertex 81.9445 0 24.4445
    endloop
  endfacet
  facet normal 0 -1 0
    outer loop
      vertex 82.1817 0 24.1741
      vertex 95 0 45
      vertex 82.0676 0 24.3132
    endloop
  endfacet
  facet normal 0 -1 0
    outer loop
      vertex 82.2865 0 24.0278
      vertex 95 0 45
      vertex 82.1817 0 24.1741
    endloop
  endfacet
  facet normal 0 -1 0
    outer loop
      vertex 82.3816 0 23.875
      vertex 95 0 45
      vertex 82.2865 0 24.0278
    endloop
  endfacet
  facet normal 0 -1 0
    outer loop
      vertex 82.4664 0 23.7163
      vertex 95 0 45
      vertex 82.3816 0 23.875
    endloop
  endfacet
  facet normal 0 -1 0
    outer loop
      vertex 82.5407 0 23.5524
      vertex 95 0 45
      vertex 82.4664 0 23.7163
    endloop
  endfacet
  facet normal 0 -1 0
    outer loop
      vertex 82.6041 0 23.384
      vertex 95 0 45
      vertex 82.5407 0 23.5524
    endloop
  endfacet
  facet normal 0 -1 0
    outer loop
      vertex 82.6563 0 23.2118
      vertex 95 0 45
      vertex 82.6041 0 23.384
    endloop
  endfacet
  facet normal 0 -1 0
    outer loop
      vertex 82.6972 0 23.0365
      vertex 95 0 45
      vertex 82.6563 0 23.2118
    endloop
  endfacet
  facet normal 0 -1 0
    outer loop
      vertex 82.7265 0 22.8589
      vertex 95 0 45
      vertex 82.6972 0 23.0365
    endloop
  endfacet
  facet normal 0 -1 0
    outer loop
      vertex 82.7441 0 22.6799
      vertex 95 0 45
      vertex 82.7265 0 22.8589
    endloop
  endfacet
  facet normal 0 -1 0
    outer loop
      vertex 82.75 0 22.5
      vertex 95 0 45
      vertex 82.7441 0 22.6799
    endloop
  endfacet
  facet normal 0 -1 0
    outer loop
      vertex 95 0 0
      vertex 82.75 0 22.5
      vertex 82.7441 0 22.3201
    endloop
  endfacet
  facet normal 0 -1 0
    outer loop
      vertex 95 0 0
      vertex 82.7441 0 22.3201
      vertex 82.7265 0 22.1411
    endloop
  endfacet
  facet normal 0 -1 0
    outer loop
      vertex 95 0 0
      vertex 82.7265 0 22.1411
      vertex 82.6972 0 21.9635
    endloop
  endfacet
  facet normal 0 -1 0
    outer loop
      vertex 95 0 0
      vertex 82.6972 0 21.9635
      vertex 82.6563 0 21.7882
    endloop
  endfacet
  facet normal 0 -1 0
    outer loop
      vertex 95 0 0
      vertex 82.6563 0 21.7882
      vertex 82.6041 0 21.616
    endloop
  endfacet
  facet normal 0 -1 0
    outer loop
      vertex 95 0 0
      vertex 82.6041 0 21.616
      vertex 82.5407 0 21.4476
    endloop
  endfacet
  facet normal 0 -1 0
    outer loop
      vertex 95 0 0
      vertex 82.5407 0 21.4476
      vertex 82.4664 0 21.2837
    endloop
  endfacet
  facet normal 0 -1 -0
    outer loop
      vertex 78.9476 0 19.9593
      vertex 64.0104 0 16.4896
      vertex 79.116 0 19.8959
    endloop
  endfacet
  facet normal 0 -1 -0
    outer loop
      vertex 79.116 0 19.8959
      vertex 64.0104 0 16.4896
      vertex 79.2882 0 19.8437
    endloop
  endfacet
  facet normal 0 -1 0
    outer loop
      vertex 63.6044 0 16.1094
      vertex 79.2882 0 19.8437
      vertex 64.0104 0 16.4896
    endloop
  endfacet
  facet normal 0 -1 -0
    outer loop
      vertex 79.2882 0 19.8437
      vertex 63.6044 0 16.1094
      vertex 79.4635 0 19.8028
    endloop
  endfacet
  facet normal 0 -1 0
    outer loop
      vertex 63.1745 0 15.7565
      vertex 79.4635 0 19.8028
      vertex 63.6044 0 16.1094
    endloop
  endfacet
  facet normal 0 -1 0
    outer loop
      vertex 95 0 0
      vertex 79.4635 0 19.8028
      vertex 63.1745 0 15.7565
    endloop
  endfacet
  facet normal 0 -1 0
    outer loop
      vertex 79.4635 0 19.8028
      vertex 95 0 0
      vertex 79.6411 0 19.7735
    endloop
  endfacet
  facet normal 0 -1 0
    outer loop
      vertex 79.6411 0 19.7735
      vertex 95 0 0
      vertex 79.8201 0 19.7559
    endloop
  endfacet
  facet normal 0 -1 0
    outer loop
      vertex 79.8201 0 19.7559
      vertex 95 0 0
      vertex 80 0 19.75
    endloop
  endfacet
  facet normal 0 -1 0
    outer loop
      vertex 80 0 19.75
      vertex 95 0 0
      vertex 80.1799 0 19.7559
    endloop
  endfacet
  facet normal 0 -1 0
    outer loop
      vertex 80.1799 0 19.7559
      vertex 95 0 0
      vertex 80.3589 0 19.7735
    endloop
  endfacet
  facet normal 0 -1 0
    outer loop
      vertex 95 0 0
      vertex 63.1745 0 15.7565
      vertex 62.7223 0 15.4325
    endloop
  endfacet
  facet normal 0 -1 0
    outer loop
      vertex 80.3589 0 19.7735
      vertex 95 0 0
      vertex 80.5365 0 19.8028
    endloop
  endfacet
  facet normal 0 -1 0
    outer loop
      vertex 95 0 0
      vertex 62.7223 0 15.4325
      vertex 62.25 0 15.1388
    endloop
  endfacet
  facet normal 0 -1 0
    outer loop
      vertex 95 0 0
      vertex 62.25 0 15.1388
      vertex 61.7595 0 14.8766
    endloop
  endfacet
  facet normal 0 -1 0
    outer loop
      vertex 95 0 0
      vertex 61.7595 0 14.8766
      vertex 61.2528 0 14.647
    endloop
  endfacet
  facet normal 0 -1 0
    outer loop
      vertex 95 0 0
      vertex 61.2528 0 14.647
      vertex 60.7322 0 14.4511
    endloop
  endfacet
  facet normal 0 -1 0
    outer loop
      vertex 95 0 0
      vertex 60.7322 0 14.4511
      vertex 60.2 0 14.2896
    endloop
  endfacet
  facet normal 0 -1 0
    outer loop
      vertex 57.4441 0 14.0182
      vertex 95 0 0
      vertex 58 0 14
    endloop
  endfacet
  facet normal 0 -1 0
    outer loop
      vertex 58 0 14
      vertex 95 0 0
      vertex 58.5559 0 14.0182
    endloop
  endfacet
  facet normal 0 -1 0
    outer loop
      vertex 58.5559 0 14.0182
      vertex 95 0 0
      vertex 59.1095 0 14.0727
    endloop
  endfacet
  facet normal 0 -1 0
    outer loop
      vertex 59.1095 0 14.0727
      vertex 95 0 0
      vertex 59.6583 0 14.1633
    endloop
  endfacet
  facet normal 0 -1 0
    outer loop
      vertex 82.75 0 22.5
      vertex 95 0 0
      vertex 95 0 45
    endloop
  endfacet
  facet normal 0 -1 0
    outer loop
      vertex 82.3816 0 21.125
      vertex 95 0 0
      vertex 82.4664 0 21.2837
    endloop
  endfacet
  facet normal 0 -1 0
    outer loop
      vertex 82.2865 0 20.9722
      vertex 95 0 0
      vertex 82.3816 0 21.125
    endloop
  endfacet
  facet normal 0 -1 0
    outer loop
      vertex 82.1817 0 20.8259
      vertex 95 0 0
      vertex 82.2865 0 20.9722
    endloop
  endfacet
  facet normal 0 -1 0
    outer loop
      vertex 82.0676 0 20.6868
      vertex 95 0 0
      vertex 82.1817 0 20.8259
    endloop
  endfacet
  facet normal 0 -1 0
    outer loop
      vertex 81.9445 0 20.5555
      vertex 95 0 0
      vertex 82.0676 0 20.6868
    endloop
  endfacet
  facet normal 0 -1 0
    outer loop
      vertex 81.8132 0 20.4324
      vertex 95 0 0
      vertex 81.9445 0 20.5555
    endloop
  endfacet
  facet normal 0 -1 0
    outer loop
      vertex 81.6741 0 20.3183
      vertex 95 0 0
      vertex 81.8132 0 20.4324
    endloop
  endfacet
  facet normal 0 -1 0
    outer loop
      vertex 81.5278 0 20.2135
      vertex 95 0 0
      vertex 81.6741 0 20.3183
    endloop
  endfacet
  facet normal 0 -1 0
    outer loop
      vertex 81.375 0 20.1184
      vertex 95 0 0
      vertex 81.5278 0 20.2135
    endloop
  endfacet
  facet normal 0 -1 0
    outer loop
      vertex 81.2163 0 20.0336
      vertex 95 0 0
      vertex 81.375 0 20.1184
    endloop
  endfacet
  facet normal 0 -1 0
    outer loop
      vertex 81.0524 0 19.9593
      vertex 95 0 0
      vertex 81.2163 0 20.0336
    endloop
  endfacet
  facet normal 0 -1 0
    outer loop
      vertex 80.884 0 19.8959
      vertex 95 0 0
      vertex 81.0524 0 19.9593
    endloop
  endfacet
  facet normal 0 -1 0
    outer loop
      vertex 80.7118 0 19.8437
      vertex 95 0 0
      vertex 80.884 0 19.8959
    endloop
  endfacet
  facet normal 0 -1 0
    outer loop
      vertex 80.5365 0 19.8028
      vertex 95 0 0
      vertex 80.7118 0 19.8437
    endloop
  endfacet
  facet normal 0 -1 0
    outer loop
      vertex 59.6583 0 14.1633
      vertex 95 0 0
      vertex 60.2 0 14.2896
    endloop
  endfacet
  facet normal -1 0 0
    outer loop
      vertex 93 2 2
      vertex 93 68 45
      vertex 93 68 2
    endloop
  endfacet
  facet normal -1 -0 0
    outer loop
      vertex 93 68 45
      vertex 93 2 2
      vertex 93 2 45
    endloop
  endfacet
  facet normal -0 0 1
    outer loop
      vertex 2 68 2
      vertex 93 2 2
      vertex 93 68 2
    endloop
  endfacet
  facet normal 0 0 1
    outer loop
      vertex 93 2 2
      vertex 2 68 2
      vertex 2 2 2
    endloop
  endfacet
  facet normal 1 -0 0
    outer loop
      vertex 2 2 45
      vertex 2 68 2
      vertex 2 68 45
    endloop
  endfacet
  facet normal 1 0 0
    outer loop
      vertex 2 68 2
      vertex 2 2 45
      vertex 2 2 2
    endloop
  endfacet
  facet normal 0 -1 0
    outer loop
      vertex 2 68 45
      vertex 37.5 68 15
      vertex 93 68 45
    endloop
  endfacet
  facet normal 0 -1 0
    outer loop
      vertex 2 68 2
      vertex 37.5 68 15
      vertex 2 68 45
    endloop
  endfacet
  facet normal 0 -1 -0
    outer loop
      vertex 37.5 68 3
      vertex 2 68 2
      vertex 57.5 68 3
    endloop
  endfacet
  facet normal 0 -1 -0
    outer loop
      vertex 37.5 68 15
      vertex 2 68 2
      vertex 37.5 68 3
    endloop
  endfacet
  facet normal 0 -1 0
    outer loop
      vertex 57.5 68 15
      vertex 93 68 45
      vertex 37.5 68 15
    endloop
  endfacet
  facet normal 0 -1 0
    outer loop
      vertex 93 68 2
      vertex 57.5 68 15
      vertex 57.5 68 3
    endloop
  endfacet
  facet normal 0 -1 0
    outer loop
      vertex 57.5 68 15
      vertex 93 68 2
      vertex 93 68 45
    endloop
  endfacet
  facet normal 0 -1 0
    outer loop
      vertex 93 68 2
      vertex 57.5 68 3
      vertex 2 68 2
    endloop
  endfacet
  facet normal 0 1 0
    outer loop
      vertex 93 2 45
      vertex 56.8905 2 30.9273
      vertex 2 2 45
    endloop
  endfacet
  facet normal 0 1 0
    outer loop
      vertex 2 2 45
      vertex 32.5559 2 30.9818
      vertex 32 2 31
    endloop
  endfacet
  facet normal 0 1 -0
    outer loop
      vertex 33.1095 2 30.9273
      vertex 2 2 45
      vertex 56.8905 2 30.9273
    endloop
  endfacet
  facet normal 0 1 0
    outer loop
      vertex 2 2 45
      vertex 33.1095 2 30.9273
      vertex 32.5559 2 30.9818
    endloop
  endfacet
  facet normal 0 1 -0
    outer loop
      vertex 56.3417 2 30.8367
      vertex 33.1095 2 30.9273
      vertex 56.8905 2 30.9273
    endloop
  endfacet
  facet normal 0 1 0
    outer loop
      vertex 56.3417 2 30.8367
      vertex 33.6583 2 30.8367
      vertex 33.1095 2 30.9273
    endloop
  endfacet
  facet normal 0 1 -0
    outer loop
      vertex 55.8 2 30.7104
      vertex 33.6583 2 30.8367
      vertex 56.3417 2 30.8367
    endloop
  endfacet
  facet normal 0 1 0
    outer loop
      vertex 55.8 2 30.7104
      vertex 34.2 2 30.7104
      vertex 33.6583 2 30.8367
    endloop
  endfacet
  facet normal 0 1 -0
    outer loop
      vertex 55.2678 2 30.5489
      vertex 34.2 2 30.7104
      vertex 55.8 2 30.7104
    endloop
  endfacet
  facet normal 0 1 0
    outer loop
      vertex 55.2678 2 30.5489
      vertex 34.7322 2 30.5489
      vertex 34.2 2 30.7104
    endloop
  endfacet
  facet normal 0 1 -0
    outer loop
      vertex 54.7472 2 30.353
      vertex 34.7322 2 30.5489
      vertex 55.2678 2 30.5489
    endloop
  endfacet
  facet normal 0 1 0
    outer loop
      vertex 54.7472 2 30.353
      vertex 35.2528 2 30.353
      vertex 34.7322 2 30.5489
    endloop
  endfacet
  facet normal 0 1 -0
    outer loop
      vertex 54.2405 2 30.1234
      vertex 35.2528 2 30.353
      vertex 54.7472 2 30.353
    endloop
  endfacet
  facet normal 0 1 0
    outer loop
      vertex 54.2405 2 30.1234
      vertex 35.7595 2 30.1234
      vertex 35.2528 2 30.353
    endloop
  endfacet
  facet normal 0 1 -0
    outer loop
      vertex 53.75 2 29.8612
      vertex 35.7595 2 30.1234
      vertex 54.2405 2 30.1234
    endloop
  endfacet
  facet normal 0 1 0
    outer loop
      vertex 53.75 2 29.8612
      vertex 36.25 2 29.8612
      vertex 35.7595 2 30.1234
    endloop
  endfacet
  facet normal 0 1 -0
    outer loop
      vertex 53.2777 2 29.5675
      vertex 36.25 2 29.8612
      vertex 53.75 2 29.8612
    endloop
  endfacet
  facet normal 0 1 0
    outer loop
      vertex 53.2777 2 29.5675
      vertex 36.7223 2 29.5675
      vertex 36.25 2 29.8612
    endloop
  endfacet
  facet normal 0 1 -0
    outer loop
      vertex 52.8255 2 29.2435
      vertex 36.7223 2 29.5675
      vertex 53.2777 2 29.5675
    endloop
  endfacet
  facet normal 0 1 0
    outer loop
      vertex 52.8255 2 29.2435
      vertex 37.1745 2 29.2435
      vertex 36.7223 2 29.5675
    endloop
  endfacet
  facet normal 0 1 -0
    outer loop
      vertex 52.3956 2 28.8906
      vertex 37.1745 2 29.2435
      vertex 52.8255 2 29.2435
    endloop
  endfacet
  facet normal 0 1 0
    outer loop
      vertex 52.3956 2 28.8906
      vertex 37.6044 2 28.8906
      vertex 37.1745 2 29.2435
    endloop
  endfacet
  facet normal 0 1 -0
    outer loop
      vertex 51.9896 2 28.5104
      vertex 37.6044 2 28.8906
      vertex 52.3956 2 28.8906
    endloop
  endfacet
  facet normal 0 1 0
    outer loop
      vertex 51.9896 2 28.5104
      vertex 38.0104 2 28.5104
      vertex 37.6044 2 28.8906
    endloop
  endfacet
  facet normal 0 1 -0
    outer loop
      vertex 51.6094 2 28.1044
      vertex 38.0104 2 28.5104
      vertex 51.9896 2 28.5104
    endloop
  endfacet
  facet normal 0 1 0
    outer loop
      vertex 51.6094 2 28.1044
      vertex 38.3906 2 28.1044
      vertex 38.0104 2 28.5104
    endloop
  endfacet
  facet normal 0 1 -0
    outer loop
      vertex 51.2565 2 27.6745
      vertex 38.3906 2 28.1044
      vertex 51.6094 2 28.1044
    endloop
  endfacet
  facet normal 0 1 0
    outer loop
      vertex 51.2565 2 27.6745
      vertex 38.7435 2 27.6745
      vertex 38.3906 2 28.1044
    endloop
  endfacet
  facet normal 0 1 -0
    outer loop
      vertex 50.9325 2 27.2223
      vertex 38.7435 2 27.6745
      vertex 51.2565 2 27.6745
    endloop
  endfacet
  facet normal 0 1 0
    outer loop
      vertex 50.9325 2 27.2223
      vertex 39.0675 2 27.2223
      vertex 38.7435 2 27.6745
    endloop
  endfacet
  facet normal 0 1 -0
    outer loop
      vertex 50.6388 2 26.75
      vertex 39.0675 2 27.2223
      vertex 50.9325 2 27.2223
    endloop
  endfacet
  facet normal 0 1 0
    outer loop
      vertex 50.6388 2 26.75
      vertex 39.3612 2 26.75
      vertex 39.0675 2 27.2223
    endloop
  endfacet
  facet normal 0 1 -0
    outer loop
      vertex 50.3766 2 26.2595
      vertex 39.3612 2 26.75
      vertex 50.6388 2 26.75
    endloop
  endfacet
  facet normal 0 1 0
    outer loop
      vertex 50.3766 2 26.2595
      vertex 39.6234 2 26.2595
      vertex 39.3612 2 26.75
    endloop
  endfacet
  facet normal 0 1 -0
    outer loop
      vertex 50.147 2 25.7528
      vertex 39.6234 2 26.2595
      vertex 50.3766 2 26.2595
    endloop
  endfacet
  facet normal 0 1 0
    outer loop
      vertex 50.147 2 25.7528
      vertex 39.853 2 25.7528
      vertex 39.6234 2 26.2595
    endloop
  endfacet
  facet normal 0 1 -0
    outer loop
      vertex 49.9511 2 25.2322
      vertex 39.853 2 25.7528
      vertex 50.147 2 25.7528
    endloop
  endfacet
  facet normal 0 1 0
    outer loop
      vertex 49.9511 2 25.2322
      vertex 40.0489 2 25.2322
      vertex 39.853 2 25.7528
    endloop
  endfacet
  facet normal 0 1 -0
    outer loop
      vertex 49.7896 2 24.7
      vertex 40.0489 2 25.2322
      vertex 49.9511 2 25.2322
    endloop
  endfacet
  facet normal 0 1 0
    outer loop
      vertex 49.7896 2 24.7
      vertex 40.2104 2 24.7
      vertex 40.0489 2 25.2322
    endloop
  endfacet
  facet normal 0 1 -0
    outer loop
      vertex 49.6633 2 24.1583
      vertex 40.2104 2 24.7
      vertex 49.7896 2 24.7
    endloop
  endfacet
  facet normal 0 1 0
    outer loop
      vertex 49.6633 2 24.1583
      vertex 40.3367 2 24.1583
      vertex 40.2104 2 24.7
    endloop
  endfacet
  facet normal 0 1 -0
    outer loop
      vertex 49.5727 2 23.6095
      vertex 40.3367 2 24.1583
      vertex 49.6633 2 24.1583
    endloop
  endfacet
  facet normal 0 1 0
    outer loop
      vertex 49.5727 2 23.6095
      vertex 40.4273 2 23.6095
      vertex 40.3367 2 24.1583
    endloop
  endfacet
  facet normal 0 1 -0
    outer loop
      vertex 49.5182 2 23.0559
      vertex 40.4273 2 23.6095
      vertex 49.5727 2 23.6095
    endloop
  endfacet
  facet normal 0 1 0
    outer loop
      vertex 49.5182 2 23.0559
      vertex 40.4818 2 23.0559
      vertex 40.4273 2 23.6095
    endloop
  endfacet
  facet normal 0 1 -0
    outer loop
      vertex 49.5 2 22.5
      vertex 40.4818 2 23.0559
      vertex 49.5182 2 23.0559
    endloop
  endfacet
  facet normal 0 1 0
    outer loop
      vertex 49.5 2 22.5
      vertex 40.5 2 22.5
      vertex 40.4818 2 23.0559
    endloop
  endfacet
  facet normal 0 1 0
    outer loop
      vertex 49.5182 2 21.9441
      vertex 40.5 2 22.5
      vertex 49.5 2 22.5
    endloop
  endfacet
  facet normal 0 1 0
    outer loop
      vertex 49.5182 2 21.9441
      vertex 40.4818 2 21.9441
      vertex 40.5 2 22.5
    endloop
  endfacet
  facet normal 0 1 0
    outer loop
      vertex 49.5727 2 21.3905
      vertex 40.4818 2 21.9441
      vertex 49.5182 2 21.9441
    endloop
  endfacet
  facet normal 0 1 0
    outer loop
      vertex 49.5727 2 21.3905
      vertex 40.4273 2 21.3905
      vertex 40.4818 2 21.9441
    endloop
  endfacet
  facet normal 0 1 0
    outer loop
      vertex 49.6633 2 20.8417
      vertex 40.4273 2 21.3905
      vertex 49.5727 2 21.3905
    endloop
  endfacet
  facet normal 0 1 0
    outer loop
      vertex 49.6633 2 20.8417
      vertex 40.3367 2 20.8417
      vertex 40.4273 2 21.3905
    endloop
  endfacet
  facet normal 0 1 0
    outer loop
      vertex 49.7896 2 20.3
      vertex 40.3367 2 20.8417
      vertex 49.6633 2 20.8417
    endloop
  endfacet
  facet normal 0 1 0
    outer loop
      vertex 49.7896 2 20.3
      vertex 40.2104 2 20.3
      vertex 40.3367 2 20.8417
    endloop
  endfacet
  facet normal 0 1 0
    outer loop
      vertex 49.9511 2 19.7678
      vertex 40.2104 2 20.3
      vertex 49.7896 2 20.3
    endloop
  endfacet
  facet normal 0 1 0
    outer loop
      vertex 49.9511 2 19.7678
      vertex 40.0489 2 19.7678
      vertex 40.2104 2 20.3
    endloop
  endfacet
  facet normal 0 1 0
    outer loop
      vertex 50.147 2 19.2472
      vertex 40.0489 2 19.7678
      vertex 49.9511 2 19.7678
    endloop
  endfacet
  facet normal 0 1 0
    outer loop
      vertex 50.147 2 19.2472
      vertex 39.853 2 19.2472
      vertex 40.0489 2 19.7678
    endloop
  endfacet
  facet normal 0 1 0
    outer loop
      vertex 50.3766 2 18.7405
      vertex 39.853 2 19.2472
      vertex 50.147 2 19.2472
    endloop
  endfacet
  facet normal 0 1 0
    outer loop
      vertex 50.3766 2 18.7405
      vertex 39.6234 2 18.7405
      vertex 39.853 2 19.2472
    endloop
  endfacet
  facet normal 0 1 0
    outer loop
      vertex 50.6388 2 18.25
      vertex 39.6234 2 18.7405
      vertex 50.3766 2 18.7405
    endloop
  endfacet
  facet normal 0 1 0
    outer loop
      vertex 50.6388 2 18.25
      vertex 39.3612 2 18.25
      vertex 39.6234 2 18.7405
    endloop
  endfacet
  facet normal 0 1 0
    outer loop
      vertex 50.9325 2 17.7777
      vertex 39.3612 2 18.25
      vertex 50.6388 2 18.25
    endloop
  endfacet
  facet normal 0 1 0
    outer loop
      vertex 50.9325 2 17.7777
      vertex 39.0675 2 17.7777
      vertex 39.3612 2 18.25
    endloop
  endfacet
  facet normal 0 1 0
    outer loop
      vertex 51.2565 2 17.3255
      vertex 39.0675 2 17.7777
      vertex 50.9325 2 17.7777
    endloop
  endfacet
  facet normal 0 1 0
    outer loop
      vertex 51.2565 2 17.3255
      vertex 38.7435 2 17.3255
      vertex 39.0675 2 17.7777
    endloop
  endfacet
  facet normal 0 1 0
    outer loop
      vertex 51.6094 2 16.8956
      vertex 38.7435 2 17.3255
      vertex 51.2565 2 17.3255
    endloop
  endfacet
  facet normal 0 1 0
    outer loop
      vertex 51.6094 2 16.8956
      vertex 38.3906 2 16.8956
      vertex 38.7435 2 17.3255
    endloop
  endfacet
  facet normal 0 1 0
    outer loop
      vertex 51.9896 2 16.4896
      vertex 38.3906 2 16.8956
      vertex 51.6094 2 16.8956
    endloop
  endfacet
  facet normal 0 1 0
    outer loop
      vertex 51.9896 2 16.4896
      vertex 38.0104 2 16.4896
      vertex 38.3906 2 16.8956
    endloop
  endfacet
  facet normal 0 1 0
    outer loop
      vertex 52.3956 2 16.1094
      vertex 38.0104 2 16.4896
      vertex 51.9896 2 16.4896
    endloop
  endfacet
  facet normal 0 1 0
    outer loop
      vertex 52.3956 2 16.1094
      vertex 37.6044 2 16.1094
      vertex 38.0104 2 16.4896
    endloop
  endfacet
  facet normal 0 1 0
    outer loop
      vertex 52.8255 2 15.7565
      vertex 37.6044 2 16.1094
      vertex 52.3956 2 16.1094
    endloop
  endfacet
  facet normal 0 1 0
    outer loop
      vertex 52.8255 2 15.7565
      vertex 37.1745 2 15.7565
      vertex 37.6044 2 16.1094
    endloop
  endfacet
  facet normal 0 1 0
    outer loop
      vertex 53.2777 2 15.4325
      vertex 37.1745 2 15.7565
      vertex 52.8255 2 15.7565
    endloop
  endfacet
  facet normal 0 1 0
    outer loop
      vertex 53.2777 2 15.4325
      vertex 36.7223 2 15.4325
      vertex 37.1745 2 15.7565
    endloop
  endfacet
  facet normal 0 1 0
    outer loop
      vertex 53.75 2 15.1388
      vertex 36.7223 2 15.4325
      vertex 53.2777 2 15.4325
    endloop
  endfacet
  facet normal 0 1 0
    outer loop
      vertex 53.75 2 15.1388
      vertex 36.25 2 15.1388
      vertex 36.7223 2 15.4325
    endloop
  endfacet
  facet normal 0 1 0
    outer loop
      vertex 54.2405 2 14.8766
      vertex 36.25 2 15.1388
      vertex 53.75 2 15.1388
    endloop
  endfacet
  facet normal 0 1 0
    outer loop
      vertex 54.2405 2 14.8766
      vertex 35.7595 2 14.8766
      vertex 36.25 2 15.1388
    endloop
  endfacet
  facet normal 0 1 0
    outer loop
      vertex 54.7472 2 14.647
      vertex 35.7595 2 14.8766
      vertex 54.2405 2 14.8766
    endloop
  endfacet
  facet normal 0 1 0
    outer loop
      vertex 54.7472 2 14.647
      vertex 35.2528 2 14.647
      vertex 35.7595 2 14.8766
    endloop
  endfacet
  facet normal 0 1 0
    outer loop
      vertex 55.2678 2 14.4511
      vertex 35.2528 2 14.647
      vertex 54.7472 2 14.647
    endloop
  endfacet
  facet normal 0 1 0
    outer loop
      vertex 55.2678 2 14.4511
      vertex 34.7322 2 14.4511
      vertex 35.2528 2 14.647
    endloop
  endfacet
  facet normal 0 1 0
    outer loop
      vertex 55.8 2 14.2896
      vertex 34.7322 2 14.4511
      vertex 55.2678 2 14.4511
    endloop
  endfacet
  facet normal 0 1 0
    outer loop
      vertex 55.8 2 14.2896
      vertex 34.2 2 14.2896
      vertex 34.7322 2 14.4511
    endloop
  endfacet
  facet normal 0 1 0
    outer loop
      vertex 56.3417 2 14.1633
      vertex 34.2 2 14.2896
      vertex 55.8 2 14.2896
    endloop
  endfacet
  facet normal 0 1 0
    outer loop
      vertex 56.3417 2 14.1633
      vertex 33.6583 2 14.1633
      vertex 34.2 2 14.2896
    endloop
  endfacet
  facet normal 0 1 0
    outer loop
      vertex 56.8905 2 14.0727
      vertex 33.6583 2 14.1633
      vertex 56.3417 2 14.1633
    endloop
  endfacet
  facet normal 0 1 0
    outer loop
      vertex 56.8905 2 14.0727
      vertex 33.1095 2 14.0727
      vertex 33.6583 2 14.1633
    endloop
  endfacet
  facet normal 0 1 0
    outer loop
      vertex 93 2 2
      vertex 56.8905 2 14.0727
      vertex 57.4441 2 14.0182
    endloop
  endfacet
  facet normal 0 1 0
    outer loop
      vertex 56.8905 2 14.0727
      vertex 2 2 2
      vertex 33.1095 2 14.0727
    endloop
  endfacet
  facet normal 0 1 0
    outer loop
      vertex 93 2 2
      vertex 57.4441 2 14.0182
      vertex 58 2 14
    endloop
  endfacet
  facet normal 0 1 0
    outer loop
      vertex 33.1095 2 14.0727
      vertex 2 2 2
      vertex 32.5559 2 14.0182
    endloop
  endfacet
  facet normal 0 1 0
    outer loop
      vertex 57.4441 2 30.9818
      vertex 93 2 45
      vertex 58 2 31
    endloop
  endfacet
  facet normal 0 1 0
    outer loop
      vertex 93 2 45
      vertex 58.5559 2 30.9818
      vertex 58 2 31
    endloop
  endfacet
  facet normal 0 1 0
    outer loop
      vertex 93 2 45
      vertex 59.1095 2 30.9273
      vertex 58.5559 2 30.9818
    endloop
  endfacet
  facet normal 0 1 0
    outer loop
      vertex 93 2 45
      vertex 59.6583 2 30.8367
      vertex 59.1095 2 30.9273
    endloop
  endfacet
  facet normal 0 1 0
    outer loop
      vertex 93 2 45
      vertex 60.2 2 30.7104
      vertex 59.6583 2 30.8367
    endloop
  endfacet
  facet normal 0 1 0
    outer loop
      vertex 93 2 45
      vertex 60.7322 2 30.5489
      vertex 60.2 2 30.7104
    endloop
  endfacet
  facet normal 0 1 0
    outer loop
      vertex 93 2 45
      vertex 61.2528 2 30.353
      vertex 60.7322 2 30.5489
    endloop
  endfacet
  facet normal 0 1 0
    outer loop
      vertex 93 2 45
      vertex 61.7595 2 30.1234
      vertex 61.2528 2 30.353
    endloop
  endfacet
  facet normal 0 1 0
    outer loop
      vertex 93 2 45
      vertex 62.25 2 29.8612
      vertex 61.7595 2 30.1234
    endloop
  endfacet
  facet normal 0 1 0
    outer loop
      vertex 93 2 45
      vertex 62.7223 2 29.5675
      vertex 62.25 2 29.8612
    endloop
  endfacet
  facet normal 0 1 0
    outer loop
      vertex 93 2 45
      vertex 63.1745 2 29.2435
      vertex 62.7223 2 29.5675
    endloop
  endfacet
  facet normal 0 1 0
    outer loop
      vertex 93 2 45
      vertex 63.6044 2 28.8906
      vertex 63.1745 2 29.2435
    endloop
  endfacet
  facet normal 0 1 -0
    outer loop
      vertex 79.2882 2 25.1563
      vertex 63.6044 2 28.8906
      vertex 93 2 45
    endloop
  endfacet
  facet normal 0 1 0
    outer loop
      vertex 63.6044 2 28.8906
      vertex 79.2882 2 25.1563
      vertex 64.0104 2 28.5104
    endloop
  endfacet
  facet normal 0 1 -0
    outer loop
      vertex 79.116 2 25.1041
      vertex 64.0104 2 28.5104
      vertex 79.2882 2 25.1563
    endloop
  endfacet
  facet normal 0 1 -0
    outer loop
      vertex 78.9476 2 25.0407
      vertex 64.0104 2 28.5104
      vertex 79.116 2 25.1041
    endloop
  endfacet
  facet normal 0 1 0
    outer loop
      vertex 64.0104 2 28.5104
      vertex 78.9476 2 25.0407
      vertex 64.3906 2 28.1044
    endloop
  endfacet
  facet normal 0 1 -0
    outer loop
      vertex 78.7837 2 24.9664
      vertex 64.3906 2 28.1044
      vertex 78.9476 2 25.0407
    endloop
  endfacet
  facet normal 0 1 0
    outer loop
      vertex 64.3906 2 28.1044
      vertex 78.7837 2 24.9664
      vertex 64.7435 2 27.6745
    endloop
  endfacet
  facet normal 0 1 0
    outer loop
      vertex 79.8201 2 25.2441
      vertex 93 2 45
      vertex 80 2 25.25
    endloop
  endfacet
  facet normal 0 1 0
    outer loop
      vertex 93 2 45
      vertex 80.1799 2 25.2441
      vertex 80 2 25.25
    endloop
  endfacet
  facet normal 0 1 0
    outer loop
      vertex 93 2 45
      vertex 80.3589 2 25.2265
      vertex 80.1799 2 25.2441
    endloop
  endfacet
  facet normal 0 1 0
    outer loop
      vertex 93 2 45
      vertex 80.5365 2 25.1972
      vertex 80.3589 2 25.2265
    endloop
  endfacet
  facet normal 0 1 0
    outer loop
      vertex 93 2 45
      vertex 80.7118 2 25.1563
      vertex 80.5365 2 25.1972
    endloop
  endfacet
  facet normal 0 1 0
    outer loop
      vertex 93 2 45
      vertex 80.884 2 25.1041
      vertex 80.7118 2 25.1563
    endloop
  endfacet
  facet normal 0 1 0
    outer loop
      vertex 93 2 45
      vertex 81.0524 2 25.0407
      vertex 80.884 2 25.1041
    endloop
  endfacet
  facet normal 0 1 0
    outer loop
      vertex 93 2 45
      vertex 81.2163 2 24.9664
      vertex 81.0524 2 25.0407
    endloop
  endfacet
  facet normal 0 1 0
    outer loop
      vertex 93 2 45
      vertex 81.375 2 24.8816
      vertex 81.2163 2 24.9664
    endloop
  endfacet
  facet normal 0 1 0
    outer loop
      vertex 93 2 45
      vertex 81.5278 2 24.7865
      vertex 81.375 2 24.8816
    endloop
  endfacet
  facet normal 0 1 0
    outer loop
      vertex 93 2 45
      vertex 81.6741 2 24.6817
      vertex 81.5278 2 24.7865
    endloop
  endfacet
  facet normal 0 1 0
    outer loop
      vertex 93 2 45
      vertex 81.8132 2 24.5676
      vertex 81.6741 2 24.6817
    endloop
  endfacet
  facet normal 0 1 0
    outer loop
      vertex 93 2 45
      vertex 81.9445 2 24.4445
      vertex 81.8132 2 24.5676
    endloop
  endfacet
  facet normal 0 1 0
    outer loop
      vertex 93 2 45
      vertex 82.0676 2 24.3132
      vertex 81.9445 2 24.4445
    endloop
  endfacet
  facet normal 0 1 0
    outer loop
      vertex 93 2 45
      vertex 82.1817 2 24.1741
      vertex 82.0676 2 24.3132
    endloop
  endfacet
  facet normal 0 1 0
    outer loop
      vertex 93 2 45
      vertex 82.2865 2 24.0278
      vertex 82.1817 2 24.1741
    endloop
  endfacet
  facet normal 0 1 0
    outer loop
      vertex 93 2 45
      vertex 82.3816 2 23.875
      vertex 82.2865 2 24.0278
    endloop
  endfacet
  facet normal 0 1 0
    outer loop
      vertex 93 2 45
      vertex 82.4664 2 23.7163
      vertex 82.3816 2 23.875
    endloop
  endfacet
  facet normal 0 1 0
    outer loop
      vertex 93 2 45
      vertex 82.5407 2 23.5524
      vertex 82.4664 2 23.7163
    endloop
  endfacet
  facet normal 0 1 0
    outer loop
      vertex 93 2 45
      vertex 82.6041 2 23.384
      vertex 82.5407 2 23.5524
    endloop
  endfacet
  facet normal 0 1 0
    outer loop
      vertex 93 2 45
      vertex 82.6563 2 23.2118
      vertex 82.6041 2 23.384
    endloop
  endfacet
  facet normal 0 1 0
    outer loop
      vertex 93 2 45
      vertex 82.6972 2 23.0365
      vertex 82.6563 2 23.2118
    endloop
  endfacet
  facet normal 0 1 0
    outer loop
      vertex 93 2 45
      vertex 82.7265 2 22.8589
      vertex 82.6972 2 23.0365
    endloop
  endfacet
  facet normal 0 1 0
    outer loop
      vertex 93 2 45
      vertex 82.7441 2 22.6799
      vertex 82.7265 2 22.8589
    endloop
  endfacet
  facet normal 0 1 0
    outer loop
      vertex 93 2 45
      vertex 82.75 2 22.5
      vertex 82.7441 2 22.6799
    endloop
  endfacet
  facet normal 0 1 -0
    outer loop
      vertex 93 2 2
      vertex 82.75 2 22.5
      vertex 93 2 45
    endloop
  endfacet
  facet normal 0 1 0
    outer loop
      vertex 82.75 2 22.5
      vertex 93 2 2
      vertex 82.7441 2 22.3201
    endloop
  endfacet
  facet normal 0 1 0
    outer loop
      vertex 82.7441 2 22.3201
      vertex 93 2 2
      vertex 82.7265 2 22.1411
    endloop
  endfacet
  facet normal 0 1 0
    outer loop
      vertex 82.7265 2 22.1411
      vertex 93 2 2
      vertex 82.6972 2 21.9635
    endloop
  endfacet
  facet normal 0 1 0
    outer loop
      vertex 82.6972 2 21.9635
      vertex 93 2 2
      vertex 82.6563 2 21.7882
    endloop
  endfacet
  facet normal 0 1 0
    outer loop
      vertex 82.6563 2 21.7882
      vertex 93 2 2
      vertex 82.6041 2 21.616
    endloop
  endfacet
  facet normal 0 1 0
    outer loop
      vertex 93 2 2
      vertex 80 2 19.75
      vertex 80.1799 2 19.7559
    endloop
  endfacet
  facet normal 0 1 0
    outer loop
      vertex 80 2 19.75
      vertex 65.6234 2 18.7405
      vertex 65.853 2 19.2472
    endloop
  endfacet
  facet normal 0 1 0
    outer loop
      vertex 80 2 19.75
      vertex 65.3612 2 18.25
      vertex 65.6234 2 18.7405
    endloop
  endfacet
  facet normal 0 1 0
    outer loop
      vertex 93 2 2
      vertex 80.1799 2 19.7559
      vertex 80.3589 2 19.7735
    endloop
  endfacet
  facet normal 0 1 0
    outer loop
      vertex 80 2 19.75
      vertex 65.0675 2 17.7777
      vertex 65.3612 2 18.25
    endloop
  endfacet
  facet normal 0 1 0
    outer loop
      vertex 80 2 19.75
      vertex 64.7435 2 17.3255
      vertex 65.0675 2 17.7777
    endloop
  endfacet
  facet normal 0 1 0
    outer loop
      vertex 80 2 19.75
      vertex 64.3906 2 16.8956
      vertex 64.7435 2 17.3255
    endloop
  endfacet
  facet normal 0 1 0
    outer loop
      vertex 93 2 2
      vertex 80.3589 2 19.7735
      vertex 80.5365 2 19.8028
    endloop
  endfacet
  facet normal 0 1 0
    outer loop
      vertex 80 2 19.75
      vertex 64.0104 2 16.4896
      vertex 64.3906 2 16.8956
    endloop
  endfacet
  facet normal 0 1 0
    outer loop
      vertex 80 2 19.75
      vertex 63.6044 2 16.1094
      vertex 64.0104 2 16.4896
    endloop
  endfacet
  facet normal 0 1 0
    outer loop
      vertex 80 2 19.75
      vertex 93 2 2
      vertex 63.6044 2 16.1094
    endloop
  endfacet
  facet normal 0 1 0
    outer loop
      vertex 63.6044 2 16.1094
      vertex 93 2 2
      vertex 63.1745 2 15.7565
    endloop
  endfacet
  facet normal 0 1 0
    outer loop
      vertex 93 2 2
      vertex 80.5365 2 19.8028
      vertex 80.7118 2 19.8437
    endloop
  endfacet
  facet normal 0 1 0
    outer loop
      vertex 63.1745 2 15.7565
      vertex 93 2 2
      vertex 62.7223 2 15.4325
    endloop
  endfacet
  facet normal 0 1 0
    outer loop
      vertex 62.7223 2 15.4325
      vertex 93 2 2
      vertex 62.25 2 15.1388
    endloop
  endfacet
  facet normal 0 1 0
    outer loop
      vertex 62.25 2 15.1388
      vertex 93 2 2
      vertex 61.7595 2 14.8766
    endloop
  endfacet
  facet normal 0 1 0
    outer loop
      vertex 61.7595 2 14.8766
      vertex 93 2 2
      vertex 61.2528 2 14.647
    endloop
  endfacet
  facet normal 0 1 0
    outer loop
      vertex 61.2528 2 14.647
      vertex 93 2 2
      vertex 60.7322 2 14.4511
    endloop
  endfacet
  facet normal 0 1 0
    outer loop
      vertex 56.8905 2 14.0727
      vertex 93 2 2
      vertex 2 2 2
    endloop
  endfacet
  facet normal 0 1 0
    outer loop
      vertex 58.5559 2 14.0182
      vertex 93 2 2
      vertex 58 2 14
    endloop
  endfacet
  facet normal 0 1 0
    outer loop
      vertex 59.1095 2 14.0727
      vertex 93 2 2
      vertex 58.5559 2 14.0182
    endloop
  endfacet
  facet normal 0 1 0
    outer loop
      vertex 59.6583 2 14.1633
      vertex 93 2 2
      vertex 59.1095 2 14.0727
    endloop
  endfacet
  facet normal 0 1 0
    outer loop
      vertex 60.2 2 14.2896
      vertex 93 2 2
      vertex 59.6583 2 14.1633
    endloop
  endfacet
  facet normal 0 1 0
    outer loop
      vertex 60.7322 2 14.4511
      vertex 93 2 2
      vertex 60.2 2 14.2896
    endloop
  endfacet
  facet normal 0 1 0
    outer loop
      vertex 80.884 2 19.8959
      vertex 93 2 2
      vertex 80.7118 2 19.8437
    endloop
  endfacet
  facet normal 0 1 0
    outer loop
      vertex 81.0524 2 19.9593
      vertex 93 2 2
      vertex 80.884 2 19.8959
    endloop
  endfacet
  facet normal 0 1 0
    outer loop
      vertex 81.2163 2 20.0336
      vertex 93 2 2
      vertex 81.0524 2 19.9593
    endloop
  endfacet
  facet normal 0 1 0
    outer loop
      vertex 81.375 2 20.1184
      vertex 93 2 2
      vertex 81.2163 2 20.0336
    endloop
  endfacet
  facet normal 0 1 0
    outer loop
      vertex 81.5278 2 20.2135
      vertex 93 2 2
      vertex 81.375 2 20.1184
    endloop
  endfacet
  facet normal 0 1 0
    outer loop
      vertex 81.6741 2 20.3183
      vertex 93 2 2
      vertex 81.5278 2 20.2135
    endloop
  endfacet
  facet normal 0 1 0
    outer loop
      vertex 81.8132 2 20.4324
      vertex 93 2 2
      vertex 81.6741 2 20.3183
    endloop
  endfacet
  facet normal 0 1 0
    outer loop
      vertex 81.9445 2 20.5555
      vertex 93 2 2
      vertex 81.8132 2 20.4324
    endloop
  endfacet
  facet normal 0 1 0
    outer loop
      vertex 82.0676 2 20.6868
      vertex 93 2 2
      vertex 81.9445 2 20.5555
    endloop
  endfacet
  facet normal 0 1 0
    outer loop
      vertex 82.1817 2 20.8259
      vertex 93 2 2
      vertex 82.0676 2 20.6868
    endloop
  endfacet
  facet normal 0 1 0
    outer loop
      vertex 82.2865 2 20.9722
      vertex 93 2 2
      vertex 82.1817 2 20.8259
    endloop
  endfacet
  facet normal 0 1 0
    outer loop
      vertex 82.3816 2 21.125
      vertex 93 2 2
      vertex 82.2865 2 20.9722
    endloop
  endfacet
  facet normal 0 1 0
    outer loop
      vertex 82.4664 2 21.2837
      vertex 93 2 2
      vertex 82.3816 2 21.125
    endloop
  endfacet
  facet normal 0 1 0
    outer loop
      vertex 82.5407 2 21.4476
      vertex 93 2 2
      vertex 82.4664 2 21.2837
    endloop
  endfacet
  facet normal 0 1 0
    outer loop
      vertex 82.6041 2 21.616
      vertex 93 2 2
      vertex 82.5407 2 21.4476
    endloop
  endfacet
  facet normal 0 1 0
    outer loop
      vertex 56.8905 2 30.9273
      vertex 93 2 45
      vertex 57.4441 2 30.9818
    endloop
  endfacet
  facet normal 0 1 -0
    outer loop
      vertex 31.4441 2 30.9818
      vertex 2 2 45
      vertex 32 2 31
    endloop
  endfacet
  facet normal 0 1 -0
    outer loop
      vertex 30.8905 2 30.9273
      vertex 2 2 45
      vertex 31.4441 2 30.9818
    endloop
  endfacet
  facet normal 0 1 -0
    outer loop
      vertex 30.3417 2 30.8367
      vertex 2 2 45
      vertex 30.8905 2 30.9273
    endloop
  endfacet
  facet normal 0 1 -0
    outer loop
      vertex 29.8 2 30.7104
      vertex 2 2 45
      vertex 30.3417 2 30.8367
    endloop
  endfacet
  facet normal 0 1 -0
    outer loop
      vertex 29.2678 2 30.5489
      vertex 2 2 45
      vertex 29.8 2 30.7104
    endloop
  endfacet
  facet normal 0 1 -0
    outer loop
      vertex 28.7472 2 30.353
      vertex 2 2 45
      vertex 29.2678 2 30.5489
    endloop
  endfacet
  facet normal 0 1 -0
    outer loop
      vertex 28.2405 2 30.1234
      vertex 2 2 45
      vertex 28.7472 2 30.353
    endloop
  endfacet
  facet normal 0 1 -0
    outer loop
      vertex 27.75 2 29.8612
      vertex 2 2 45
      vertex 28.2405 2 30.1234
    endloop
  endfacet
  facet normal 0 1 -0
    outer loop
      vertex 27.2777 2 29.5675
      vertex 2 2 45
      vertex 27.75 2 29.8612
    endloop
  endfacet
  facet normal 0 1 -0
    outer loop
      vertex 26.8255 2 29.2435
      vertex 2 2 45
      vertex 27.2777 2 29.5675
    endloop
  endfacet
  facet normal 0 1 -0
    outer loop
      vertex 26.3956 2 28.8906
      vertex 2 2 45
      vertex 26.8255 2 29.2435
    endloop
  endfacet
  facet normal 0 1 -0
    outer loop
      vertex 25.9896 2 28.5104
      vertex 2 2 45
      vertex 26.3956 2 28.8906
    endloop
  endfacet
  facet normal 0 1 -0
    outer loop
      vertex 25.6094 2 28.1044
      vertex 2 2 45
      vertex 25.9896 2 28.5104
    endloop
  endfacet
  facet normal 0 1 -0
    outer loop
      vertex 25.2565 2 27.6745
      vertex 2 2 45
      vertex 25.6094 2 28.1044
    endloop
  endfacet
  facet normal 0 1 -0
    outer loop
      vertex 24.9325 2 27.2223
      vertex 2 2 45
      vertex 25.2565 2 27.6745
    endloop
  endfacet
  facet normal 0 1 -0
    outer loop
      vertex 24.6388 2 26.75
      vertex 2 2 45
      vertex 24.9325 2 27.2223
    endloop
  endfacet
  facet normal 0 1 -0
    outer loop
      vertex 24.3766 2 26.2595
      vertex 2 2 45
      vertex 24.6388 2 26.75
    endloop
  endfacet
  facet normal 0 1 -0
    outer loop
      vertex 24.147 2 25.7528
      vertex 2 2 45
      vertex 24.3766 2 26.2595
    endloop
  endfacet
  facet normal 0 1 -0
    outer loop
      vertex 23.9511 2 25.2322
      vertex 2 2 45
      vertex 24.147 2 25.7528
    endloop
  endfacet
  facet normal 0 1 -0
    outer loop
      vertex 23.7896 2 24.7
      vertex 2 2 45
      vertex 23.9511 2 25.2322
    endloop
  endfacet
  facet normal 0 1 -0
    outer loop
      vertex 23.6633 2 24.1583
      vertex 2 2 45
      vertex 23.7896 2 24.7
    endloop
  endfacet
  facet normal 0 1 -0
    outer loop
      vertex 23.5727 2 23.6095
      vertex 2 2 45
      vertex 23.6633 2 24.1583
    endloop
  endfacet
  facet normal 0 1 -0
    outer loop
      vertex 23.5182 2 23.0559
      vertex 2 2 45
      vertex 23.5727 2 23.6095
    endloop
  endfacet
  facet normal 0 1 -0
    outer loop
      vertex 23.5 2 22.5
      vertex 2 2 45
      vertex 23.5182 2 23.0559
    endloop
  endfacet
  facet normal 0 1 0
    outer loop
      vertex 2 2 2
      vertex 23.5 2 22.5
      vertex 23.5182 2 21.9441
    endloop
  endfacet
  facet normal 0 1 0
    outer loop
      vertex 2 2 2
      vertex 23.5182 2 21.9441
      vertex 23.5727 2 21.3905
    endloop
  endfacet
  facet normal 0 1 0
    outer loop
      vertex 2 2 2
      vertex 23.5727 2 21.3905
      vertex 23.6633 2 20.8417
    endloop
  endfacet
  facet normal 0 1 0
    outer loop
      vertex 2 2 2
      vertex 23.6633 2 20.8417
      vertex 23.7896 2 20.3
    endloop
  endfacet
  facet normal 0 1 0
    outer loop
      vertex 2 2 2
      vertex 23.7896 2 20.3
      vertex 23.9511 2 19.7678
    endloop
  endfacet
  facet normal 0 1 0
    outer loop
      vertex 2 2 2
      vertex 23.9511 2 19.7678
      vertex 24.147 2 19.2472
    endloop
  endfacet
  facet normal 0 1 0
    outer loop
      vertex 2 2 2
      vertex 24.147 2 19.2472
      vertex 24.3766 2 18.7405
    endloop
  endfacet
  facet normal 0 1 0
    outer loop
      vertex 2 2 2
      vertex 24.3766 2 18.7405
      vertex 24.6388 2 18.25
    endloop
  endfacet
  facet normal 0 1 0
    outer loop
      vertex 2 2 2
      vertex 24.6388 2 18.25
      vertex 24.9325 2 17.7777
    endloop
  endfacet
  facet normal 0 1 0
    outer loop
      vertex 2 2 2
      vertex 24.9325 2 17.7777
      vertex 25.2565 2 17.3255
    endloop
  endfacet
  facet normal 0 1 0
    outer loop
      vertex 2 2 2
      vertex 25.2565 2 17.3255
      vertex 25.6094 2 16.8956
    endloop
  endfacet
  facet normal 0 1 0
    outer loop
      vertex 32.5559 2 14.0182
      vertex 2 2 2
      vertex 32 2 14
    endloop
  endfacet
  facet normal 0 1 0
    outer loop
      vertex 32 2 14
      vertex 2 2 2
      vertex 31.4441 2 14.0182
    endloop
  endfacet
  facet normal 0 1 0
    outer loop
      vertex 31.4441 2 14.0182
      vertex 2 2 2
      vertex 30.8905 2 14.0727
    endloop
  endfacet
  facet normal 0 1 0
    outer loop
      vertex 23.5 2 22.5
      vertex 2 2 2
      vertex 2 2 45
    endloop
  endfacet
  facet normal 0 1 0
    outer loop
      vertex 25.9896 2 16.4896
      vertex 2 2 2
      vertex 25.6094 2 16.8956
    endloop
  endfacet
  facet normal 0 1 0
    outer loop
      vertex 26.3956 2 16.1094
      vertex 2 2 2
      vertex 25.9896 2 16.4896
    endloop
  endfacet
  facet normal 0 1 0
    outer loop
      vertex 26.8255 2 15.7565
      vertex 2 2 2
      vertex 26.3956 2 16.1094
    endloop
  endfacet
  facet normal 0 1 0
    outer loop
      vertex 27.2777 2 15.4325
      vertex 2 2 2
      vertex 26.8255 2 15.7565
    endloop
  endfacet
  facet normal 0 1 0
    outer loop
      vertex 27.75 2 15.1388
      vertex 2 2 2
      vertex 27.2777 2 15.4325
    endloop
  endfacet
  facet normal 0 1 0
    outer loop
      vertex 28.2405 2 14.8766
      vertex 2 2 2
      vertex 27.75 2 15.1388
    endloop
  endfacet
  facet normal 0 1 0
    outer loop
      vertex 28.7472 2 14.647
      vertex 2 2 2
      vertex 28.2405 2 14.8766
    endloop
  endfacet
  facet normal 0 1 0
    outer loop
      vertex 29.2678 2 14.4511
      vertex 2 2 2
      vertex 28.7472 2 14.647
    endloop
  endfacet
  facet normal 0 1 0
    outer loop
      vertex 29.8 2 14.2896
      vertex 2 2 2
      vertex 29.2678 2 14.4511
    endloop
  endfacet
  facet normal 0 1 0
    outer loop
      vertex 30.3417 2 14.1633
      vertex 2 2 2
      vertex 29.8 2 14.2896
    endloop
  endfacet
  facet normal 0 1 0
    outer loop
      vertex 30.8905 2 14.0727
      vertex 2 2 2
      vertex 30.3417 2 14.1633
    endloop
  endfacet
  facet normal 0 1 0
    outer loop
      vertex 79.6411 2 25.2265
      vertex 93 2 45
      vertex 79.8201 2 25.2441
    endloop
  endfacet
  facet normal 0 1 0
    outer loop
      vertex 79.4635 2 25.1972
      vertex 93 2 45
      vertex 79.6411 2 25.2265
    endloop
  endfacet
  facet normal 0 1 0
    outer loop
      vertex 79.2882 2 25.1563
      vertex 93 2 45
      vertex 79.4635 2 25.1972
    endloop
  endfacet
  facet normal 0 1 -0
    outer loop
      vertex 78.625 2 24.8816
      vertex 64.7435 2 27.6745
      vertex 78.7837 2 24.9664
    endloop
  endfacet
  facet normal 0 1 -0
    outer loop
      vertex 78.4722 2 24.7865
      vertex 64.7435 2 27.6745
      vertex 78.625 2 24.8816
    endloop
  endfacet
  facet normal 0 1 0
    outer loop
      vertex 64.7435 2 27.6745
      vertex 78.4722 2 24.7865
      vertex 65.0675 2 27.2223
    endloop
  endfacet
  facet normal 0 1 -0
    outer loop
      vertex 78.3259 2 24.6817
      vertex 65.0675 2 27.2223
      vertex 78.4722 2 24.7865
    endloop
  endfacet
  facet normal 0 1 0
    outer loop
      vertex 65.0675 2 27.2223
      vertex 78.3259 2 24.6817
      vertex 65.3612 2 26.75
    endloop
  endfacet
  facet normal 0 1 -0
    outer loop
      vertex 78.1868 2 24.5676
      vertex 65.3612 2 26.75
      vertex 78.3259 2 24.6817
    endloop
  endfacet
  facet normal 0 1 -0
    outer loop
      vertex 78.0555 2 24.4445
      vertex 65.3612 2 26.75
      vertex 78.1868 2 24.5676
    endloop
  endfacet
  facet normal 0 1 0
    outer loop
      vertex 65.3612 2 26.75
      vertex 78.0555 2 24.4445
      vertex 65.6234 2 26.2595
    endloop
  endfacet
  facet normal 0 1 -0
    outer loop
      vertex 77.9324 2 24.3132
      vertex 65.6234 2 26.2595
      vertex 78.0555 2 24.4445
    endloop
  endfacet
  facet normal 0 1 0
    outer loop
      vertex 65.6234 2 26.2595
      vertex 77.9324 2 24.3132
      vertex 65.853 2 25.7528
    endloop
  endfacet
  facet normal 0 1 -0
    outer loop
      vertex 77.8183 2 24.1741
      vertex 65.853 2 25.7528
      vertex 77.9324 2 24.3132
    endloop
  endfacet
  facet normal 0 1 -0
    outer loop
      vertex 77.7135 2 24.0278
      vertex 65.853 2 25.7528
      vertex 77.8183 2 24.1741
    endloop
  endfacet
  facet normal 0 1 0
    outer loop
      vertex 65.853 2 25.7528
      vertex 77.7135 2 24.0278
      vertex 66.0489 2 25.2322
    endloop
  endfacet
  facet normal 0 1 -0
    outer loop
      vertex 77.6184 2 23.875
      vertex 66.0489 2 25.2322
      vertex 77.7135 2 24.0278
    endloop
  endfacet
  facet normal 0 1 0
    outer loop
      vertex 66.0489 2 25.2322
      vertex 77.6184 2 23.875
      vertex 66.2104 2 24.7
    endloop
  endfacet
  facet normal 0 1 -0
    outer loop
      vertex 77.5336 2 23.7163
      vertex 66.2104 2 24.7
      vertex 77.6184 2 23.875
    endloop
  endfacet
  facet normal 0 1 -0
    outer loop
      vertex 77.4593 2 23.5524
      vertex 66.2104 2 24.7
      vertex 77.5336 2 23.7163
    endloop
  endfacet
  facet normal 0 1 0
    outer loop
      vertex 66.2104 2 24.7
      vertex 77.4593 2 23.5524
      vertex 66.3367 2 24.1583
    endloop
  endfacet
  facet normal 0 1 -0
    outer loop
      vertex 77.3959 2 23.384
      vertex 66.3367 2 24.1583
      vertex 77.4593 2 23.5524
    endloop
  endfacet
  facet normal 0 1 -0
    outer loop
      vertex 77.3437 2 23.2118
      vertex 66.3367 2 24.1583
      vertex 77.3959 2 23.384
    endloop
  endfacet
  facet normal 0 1 0
    outer loop
      vertex 66.3367 2 24.1583
      vertex 77.3437 2 23.2118
      vertex 66.4273 2 23.6095
    endloop
  endfacet
  facet normal 0 1 -0
    outer loop
      vertex 77.3028 2 23.0365
      vertex 66.4273 2 23.6095
      vertex 77.3437 2 23.2118
    endloop
  endfacet
  facet normal 0 1 0
    outer loop
      vertex 66.4273 2 23.6095
      vertex 77.3028 2 23.0365
      vertex 66.4818 2 23.0559
    endloop
  endfacet
  facet normal 0 1 -0
    outer loop
      vertex 77.2735 2 22.8589
      vertex 66.4818 2 23.0559
      vertex 77.3028 2 23.0365
    endloop
  endfacet
  facet normal 0 1 -0
    outer loop
      vertex 77.2559 2 22.6799
      vertex 66.4818 2 23.0559
      vertex 77.2735 2 22.8589
    endloop
  endfacet
  facet normal 0 1 0
    outer loop
      vertex 66.5 2 22.5
      vertex 77.2559 2 22.6799
      vertex 77.25 2 22.5
    endloop
  endfacet
  facet normal 0 1 0
    outer loop
      vertex 77.2559 2 22.6799
      vertex 66.5 2 22.5
      vertex 66.4818 2 23.0559
    endloop
  endfacet
  facet normal 0 1 0
    outer loop
      vertex 77.2559 2 22.3201
      vertex 66.5 2 22.5
      vertex 77.25 2 22.5
    endloop
  endfacet
  facet normal 0 1 0
    outer loop
      vertex 66.4818 2 21.9441
      vertex 77.2559 2 22.3201
      vertex 77.2735 2 22.1411
    endloop
  endfacet
  facet normal 0 1 0
    outer loop
      vertex 66.4818 2 21.9441
      vertex 77.2735 2 22.1411
      vertex 77.3028 2 21.9635
    endloop
  endfacet
  facet normal 0 1 0
    outer loop
      vertex 77.2559 2 22.3201
      vertex 66.4818 2 21.9441
      vertex 66.5 2 22.5
    endloop
  endfacet
  facet normal 0 1 0
    outer loop
      vertex 66.4273 2 21.3905
      vertex 77.3028 2 21.9635
      vertex 77.3437 2 21.7882
    endloop
  endfacet
  facet normal 0 1 0
    outer loop
      vertex 66.3367 2 20.8417
      vertex 77.3437 2 21.7882
      vertex 77.3959 2 21.616
    endloop
  endfacet
  facet normal 0 1 0
    outer loop
      vertex 66.3367 2 20.8417
      vertex 77.3959 2 21.616
      vertex 77.4593 2 21.4476
    endloop
  endfacet
  facet normal 0 1 0
    outer loop
      vertex 77.3028 2 21.9635
      vertex 66.4273 2 21.3905
      vertex 66.4818 2 21.9441
    endloop
  endfacet
  facet normal 0 1 0
    outer loop
      vertex 66.2104 2 20.3
      vertex 77.4593 2 21.4476
      vertex 77.5336 2 21.2837
    endloop
  endfacet
  facet normal 0 1 0
    outer loop
      vertex 66.2104 2 20.3
      vertex 77.5336 2 21.2837
      vertex 77.6184 2 21.125
    endloop
  endfacet
  facet normal 0 1 0
    outer loop
      vertex 66.0489 2 19.7678
      vertex 77.6184 2 21.125
      vertex 77.7135 2 20.9722
    endloop
  endfacet
  facet normal 0 1 0
    outer loop
      vertex 77.3437 2 21.7882
      vertex 66.3367 2 20.8417
      vertex 66.4273 2 21.3905
    endloop
  endfacet
  facet normal 0 1 0
    outer loop
      vertex 65.853 2 19.2472
      vertex 77.7135 2 20.9722
      vertex 77.8183 2 20.8259
    endloop
  endfacet
  facet normal 0 1 0
    outer loop
      vertex 65.853 2 19.2472
      vertex 77.8183 2 20.8259
      vertex 77.9324 2 20.6868
    endloop
  endfacet
  facet normal 0 1 0
    outer loop
      vertex 65.853 2 19.2472
      vertex 77.9324 2 20.6868
      vertex 78.0555 2 20.5555
    endloop
  endfacet
  facet normal 0 1 0
    outer loop
      vertex 65.853 2 19.2472
      vertex 78.0555 2 20.5555
      vertex 78.1868 2 20.4324
    endloop
  endfacet
  facet normal 0 1 0
    outer loop
      vertex 65.853 2 19.2472
      vertex 78.1868 2 20.4324
      vertex 78.3259 2 20.3183
    endloop
  endfacet
  facet normal 0 1 0
    outer loop
      vertex 77.4593 2 21.4476
      vertex 66.2104 2 20.3
      vertex 66.3367 2 20.8417
    endloop
  endfacet
  facet normal 0 1 0
    outer loop
      vertex 65.853 2 19.2472
      vertex 78.3259 2 20.3183
      vertex 78.4722 2 20.2135
    endloop
  endfacet
  facet normal 0 1 0
    outer loop
      vertex 65.853 2 19.2472
      vertex 78.4722 2 20.2135
      vertex 78.625 2 20.1184
    endloop
  endfacet
  facet normal 0 1 0
    outer loop
      vertex 65.853 2 19.2472
      vertex 78.625 2 20.1184
      vertex 78.7837 2 20.0336
    endloop
  endfacet
  facet normal 0 1 0
    outer loop
      vertex 65.853 2 19.2472
      vertex 78.7837 2 20.0336
      vertex 78.9476 2 19.9593
    endloop
  endfacet
  facet normal 0 1 0
    outer loop
      vertex 65.853 2 19.2472
      vertex 78.9476 2 19.9593
      vertex 79.116 2 19.8959
    endloop
  endfacet
  facet normal 0 1 0
    outer loop
      vertex 65.853 2 19.2472
      vertex 79.116 2 19.8959
      vertex 79.2882 2 19.8437
    endloop
  endfacet
  facet normal 0 1 0
    outer loop
      vertex 65.853 2 19.2472
      vertex 79.2882 2 19.8437
      vertex 79.4635 2 19.8028
    endloop
  endfacet
  facet normal 0 1 0
    outer loop
      vertex 65.853 2 19.2472
      vertex 79.4635 2 19.8028
      vertex 79.6411 2 19.7735
    endloop
  endfacet
  facet normal 0 1 0
    outer loop
      vertex 77.6184 2 21.125
      vertex 66.0489 2 19.7678
      vertex 66.2104 2 20.3
    endloop
  endfacet
  facet normal 0 1 0
    outer loop
      vertex 65.853 2 19.2472
      vertex 79.6411 2 19.7735
      vertex 79.8201 2 19.7559
    endloop
  endfacet
  facet normal 0 1 0
    outer loop
      vertex 65.853 2 19.2472
      vertex 79.8201 2 19.7559
      vertex 80 2 19.75
    endloop
  endfacet
  facet normal 0 1 0
    outer loop
      vertex 77.7135 2 20.9722
      vertex 65.853 2 19.2472
      vertex 66.0489 2 19.7678
    endloop
  endfacet
  facet normal -0.97388 0 -0.227065
    outer loop
      vertex 40.3367 0 24.1583
      vertex 40.2104 2 24.7
      vertex 40.3367 2 24.1583
    endloop
  endfacet
  facet normal -0.97388 -0 -0.227065
    outer loop
      vertex 40.2104 2 24.7
      vertex 40.3367 0 24.1583
      vertex 40.2104 0 24.7
    endloop
  endfacet
  facet normal -0.995189 0 0.0979729
    outer loop
      vertex 40.4273 0 21.3905
      vertex 40.4818 2 21.9441
      vertex 40.4273 2 21.3905
    endloop
  endfacet
  facet normal -0.995189 0 0.0979729
    outer loop
      vertex 40.4818 2 21.9441
      vertex 40.4273 0 21.3905
      vertex 40.4818 0 21.9441
    endloop
  endfacet
  facet normal -0.999464 0 0.0327222
    outer loop
      vertex 40.4818 0 21.9441
      vertex 40.5 2 22.5
      vertex 40.4818 2 21.9441
    endloop
  endfacet
  facet normal -0.999464 0 0.0327222
    outer loop
      vertex 40.5 2 22.5
      vertex 40.4818 0 21.9441
      vertex 40.5 0 22.5
    endloop
  endfacet
  facet normal -0.986645 0 0.162883
    outer loop
      vertex 40.3367 0 20.8417
      vertex 40.4273 2 21.3905
      vertex 40.3367 2 20.8417
    endloop
  endfacet
  facet normal -0.986645 0 0.162883
    outer loop
      vertex 40.4273 2 21.3905
      vertex 40.3367 0 20.8417
      vertex 40.4273 0 21.3905
    endloop
  endfacet
  facet normal -0.97388 0 0.227065
    outer loop
      vertex 40.2104 0 20.3
      vertex 40.3367 2 20.8417
      vertex 40.2104 2 20.3
    endloop
  endfacet
  facet normal -0.97388 0 0.227065
    outer loop
      vertex 40.3367 2 20.8417
      vertex 40.2104 0 20.3
      vertex 40.3367 0 20.8417
    endloop
  endfacet
  facet normal -0.772931 0 -0.63449
    outer loop
      vertex 38.7435 0 27.6745
      vertex 38.3906 2 28.1044
      vertex 38.7435 2 27.6745
    endloop
  endfacet
  facet normal -0.772931 -0 -0.63449
    outer loop
      vertex 38.3906 2 28.1044
      vertex 38.7435 0 27.6745
      vertex 38.3906 0 28.1044
    endloop
  endfacet
  facet normal -0.995189 0 -0.0979729
    outer loop
      vertex 40.4818 0 23.0559
      vertex 40.4273 2 23.6095
      vertex 40.4818 2 23.0559
    endloop
  endfacet
  facet normal -0.995189 -0 -0.0979729
    outer loop
      vertex 40.4273 2 23.6095
      vertex 40.4818 0 23.0559
      vertex 40.4273 0 23.6095
    endloop
  endfacet
  facet normal -0.956911 0 0.290382
    outer loop
      vertex 40.0489 0 19.7678
      vertex 40.2104 2 20.3
      vertex 40.0489 2 19.7678
    endloop
  endfacet
  facet normal -0.956911 0 0.290382
    outer loop
      vertex 40.2104 2 20.3
      vertex 40.0489 0 19.7678
      vertex 40.2104 0 20.3
    endloop
  endfacet
  facet normal -0.0327222 0 0.999464
    outer loop
      vertex 32 2 14
      vertex 32.5559 0 14.0182
      vertex 32.5559 2 14.0182
    endloop
  endfacet
  facet normal -0.0327222 0 0.999464
    outer loop
      vertex 32.5559 0 14.0182
      vertex 32 2 14
      vertex 32 0 14
    endloop
  endfacet
  facet normal -0.93593 0 0.352187
    outer loop
      vertex 39.853 0 19.2472
      vertex 40.0489 2 19.7678
      vertex 39.853 2 19.2472
    endloop
  endfacet
  facet normal -0.93593 0 0.352187
    outer loop
      vertex 40.0489 2 19.7678
      vertex 39.853 0 19.2472
      vertex 40.0489 0 19.7678
    endloop
  endfacet
  facet normal 0.227065 0 -0.97388
    outer loop
      vertex 29.8 0 30.7104
      vertex 30.3417 2 30.8367
      vertex 30.3417 0 30.8367
    endloop
  endfacet
  facet normal 0.227065 0 -0.97388
    outer loop
      vertex 30.3417 2 30.8367
      vertex 29.8 0 30.7104
      vertex 29.8 2 30.7104
    endloop
  endfacet
  facet normal 0.812882 0 -0.582428
    outer loop
      vertex 25.2565 0 27.6745
      vertex 24.9325 2 27.2223
      vertex 25.2565 2 27.6745
    endloop
  endfacet
  facet normal 0.812882 0 -0.582428
    outer loop
      vertex 24.9325 2 27.2223
      vertex 25.2565 0 27.6745
      vertex 24.9325 0 27.2223
    endloop
  endfacet
  facet normal 0.0327222 0 0.999464
    outer loop
      vertex 31.4441 2 14.0182
      vertex 32 0 14
      vertex 32 2 14
    endloop
  endfacet
  facet normal 0.0327222 0 0.999464
    outer loop
      vertex 32 0 14
      vertex 31.4441 2 14.0182
      vertex 31.4441 0 14.0182
    endloop
  endfacet
  facet normal -0.227065 0 -0.97388
    outer loop
      vertex 33.6583 0 30.8367
      vertex 34.2 2 30.7104
      vertex 34.2 0 30.7104
    endloop
  endfacet
  facet normal -0.227065 0 -0.97388
    outer loop
      vertex 34.2 2 30.7104
      vertex 33.6583 0 30.8367
      vertex 33.6583 2 30.8367
    endloop
  endfacet
  facet normal -0.162883 0 0.986645
    outer loop
      vertex 33.1095 2 14.0727
      vertex 33.6583 0 14.1633
      vertex 33.6583 2 14.1633
    endloop
  endfacet
  facet normal -0.162883 0 0.986645
    outer loop
      vertex 33.6583 0 14.1633
      vertex 33.1095 2 14.0727
      vertex 33.1095 0 14.0727
    endloop
  endfacet
  facet normal -0.0979729 0 -0.995189
    outer loop
      vertex 32.5559 0 30.9818
      vertex 33.1095 2 30.9273
      vertex 33.1095 0 30.9273
    endloop
  endfacet
  facet normal -0.0979729 0 -0.995189
    outer loop
      vertex 33.1095 2 30.9273
      vertex 32.5559 0 30.9818
      vertex 32.5559 2 30.9818
    endloop
  endfacet
  facet normal 0.683534 0 -0.729918
    outer loop
      vertex 25.9896 0 28.5104
      vertex 26.3956 2 28.8906
      vertex 26.3956 0 28.8906
    endloop
  endfacet
  facet normal 0.683534 0 -0.729918
    outer loop
      vertex 26.3956 2 28.8906
      vertex 25.9896 0 28.5104
      vertex 25.9896 2 28.5104
    endloop
  endfacet
  facet normal -0.881905 0 0.471428
    outer loop
      vertex 39.3612 0 18.25
      vertex 39.6234 2 18.7405
      vertex 39.3612 2 18.25
    endloop
  endfacet
  facet normal -0.881905 0 0.471428
    outer loop
      vertex 39.6234 2 18.7405
      vertex 39.3612 0 18.25
      vertex 39.6234 0 18.7405
    endloop
  endfacet
  facet normal 0.412733 0 0.910852
    outer loop
      vertex 28.2405 2 14.8766
      vertex 28.7472 0 14.647
      vertex 28.7472 2 14.647
    endloop
  endfacet
  facet normal 0.412733 0 0.910852
    outer loop
      vertex 28.7472 0 14.647
      vertex 28.2405 2 14.8766
      vertex 28.2405 0 14.8766
    endloop
  endfacet
  facet normal -0.910852 0 0.412733
    outer loop
      vertex 39.6234 0 18.7405
      vertex 39.853 2 19.2472
      vertex 39.6234 2 18.7405
    endloop
  endfacet
  facet normal -0.910852 0 0.412733
    outer loop
      vertex 39.853 2 19.2472
      vertex 39.6234 0 18.7405
      vertex 39.853 0 19.2472
    endloop
  endfacet
  facet normal -0.812882 0 0.582428
    outer loop
      vertex 38.7435 0 17.3255
      vertex 39.0675 2 17.7777
      vertex 38.7435 2 17.3255
    endloop
  endfacet
  facet normal -0.812882 0 0.582428
    outer loop
      vertex 39.0675 2 17.7777
      vertex 38.7435 0 17.3255
      vertex 39.0675 0 17.7777
    endloop
  endfacet
  facet normal 0.729918 -0 0.683534
    outer loop
      vertex 25.6094 0 16.8956
      vertex 25.9896 2 16.4896
      vertex 25.6094 2 16.8956
    endloop
  endfacet
  facet normal 0.729918 0 0.683534
    outer loop
      vertex 25.9896 2 16.4896
      vertex 25.6094 0 16.8956
      vertex 25.9896 0 16.4896
    endloop
  endfacet
  facet normal 0.0979729 0 0.995189
    outer loop
      vertex 30.8905 2 14.0727
      vertex 31.4441 0 14.0182
      vertex 31.4441 2 14.0182
    endloop
  endfacet
  facet normal 0.0979729 0 0.995189
    outer loop
      vertex 31.4441 0 14.0182
      vertex 30.8905 2 14.0727
      vertex 30.8905 0 14.0727
    endloop
  endfacet
  facet normal 0.999464 -0 0.0327222
    outer loop
      vertex 23.5 0 22.5
      vertex 23.5182 2 21.9441
      vertex 23.5 2 22.5
    endloop
  endfacet
  facet normal 0.999464 0 0.0327222
    outer loop
      vertex 23.5182 2 21.9441
      vertex 23.5 0 22.5
      vertex 23.5182 0 21.9441
    endloop
  endfacet
  facet normal -0.0979729 0 0.995189
    outer loop
      vertex 32.5559 2 14.0182
      vertex 33.1095 0 14.0727
      vertex 33.1095 2 14.0727
    endloop
  endfacet
  facet normal -0.0979729 0 0.995189
    outer loop
      vertex 33.1095 0 14.0727
      vertex 32.5559 2 14.0182
      vertex 32.5559 0 14.0182
    endloop
  endfacet
  facet normal -0.812882 0 -0.582428
    outer loop
      vertex 39.0675 0 27.2223
      vertex 38.7435 2 27.6745
      vertex 39.0675 2 27.2223
    endloop
  endfacet
  facet normal -0.812882 -0 -0.582428
    outer loop
      vertex 38.7435 2 27.6745
      vertex 39.0675 0 27.2223
      vertex 38.7435 0 27.6745
    endloop
  endfacet
  facet normal -0.162883 0 -0.986645
    outer loop
      vertex 33.1095 0 30.9273
      vertex 33.6583 2 30.8367
      vertex 33.6583 0 30.8367
    endloop
  endfacet
  facet normal -0.162883 0 -0.986645
    outer loop
      vertex 33.6583 2 30.8367
      vertex 33.1095 0 30.9273
      vertex 33.1095 2 30.9273
    endloop
  endfacet
  facet normal -0.63449 0 0.772931
    outer loop
      vertex 37.1745 2 15.7565
      vertex 37.6044 0 16.1094
      vertex 37.6044 2 16.1094
    endloop
  endfacet
  facet normal -0.63449 0 0.772931
    outer loop
      vertex 37.6044 0 16.1094
      vertex 37.1745 2 15.7565
      vertex 37.1745 0 15.7565
    endloop
  endfacet
  facet normal -0.471428 0 0.881905
    outer loop
      vertex 35.7595 2 14.8766
      vertex 36.25 0 15.1388
      vertex 36.25 2 15.1388
    endloop
  endfacet
  facet normal -0.471428 0 0.881905
    outer loop
      vertex 36.25 0 15.1388
      vertex 35.7595 2 14.8766
      vertex 35.7595 0 14.8766
    endloop
  endfacet
  facet normal -0.0327222 0 -0.999464
    outer loop
      vertex 32 0 31
      vertex 32.5559 2 30.9818
      vertex 32.5559 0 30.9818
    endloop
  endfacet
  facet normal -0.0327222 0 -0.999464
    outer loop
      vertex 32.5559 2 30.9818
      vertex 32 0 31
      vertex 32 2 31
    endloop
  endfacet
  facet normal 0.995189 0 -0.0979729
    outer loop
      vertex 23.5727 0 23.6095
      vertex 23.5182 2 23.0559
      vertex 23.5727 2 23.6095
    endloop
  endfacet
  facet normal 0.995189 0 -0.0979729
    outer loop
      vertex 23.5182 2 23.0559
      vertex 23.5727 0 23.6095
      vertex 23.5182 0 23.0559
    endloop
  endfacet
  facet normal 0.528074 0 -0.849198
    outer loop
      vertex 27.2777 0 29.5675
      vertex 27.75 2 29.8612
      vertex 27.75 0 29.8612
    endloop
  endfacet
  facet normal 0.528074 0 -0.849198
    outer loop
      vertex 27.75 2 29.8612
      vertex 27.2777 0 29.5675
      vertex 27.2777 2 29.5675
    endloop
  endfacet
  facet normal 0.63449 0 0.772931
    outer loop
      vertex 26.3956 2 16.1094
      vertex 26.8255 0 15.7565
      vertex 26.8255 2 15.7565
    endloop
  endfacet
  facet normal 0.63449 0 0.772931
    outer loop
      vertex 26.8255 0 15.7565
      vertex 26.3956 2 16.1094
      vertex 26.3956 0 16.1094
    endloop
  endfacet
  facet normal 0.97388 0 -0.227065
    outer loop
      vertex 23.7896 0 24.7
      vertex 23.6633 2 24.1583
      vertex 23.7896 2 24.7
    endloop
  endfacet
  facet normal 0.97388 0 -0.227065
    outer loop
      vertex 23.6633 2 24.1583
      vertex 23.7896 0 24.7
      vertex 23.6633 0 24.1583
    endloop
  endfacet
  facet normal 0.162883 0 0.986645
    outer loop
      vertex 30.3417 2 14.1633
      vertex 30.8905 0 14.0727
      vertex 30.8905 2 14.0727
    endloop
  endfacet
  facet normal 0.162883 0 0.986645
    outer loop
      vertex 30.8905 0 14.0727
      vertex 30.3417 2 14.1633
      vertex 30.3417 0 14.1633
    endloop
  endfacet
  facet normal 0.412733 0 -0.910852
    outer loop
      vertex 28.2405 0 30.1234
      vertex 28.7472 2 30.353
      vertex 28.7472 0 30.353
    endloop
  endfacet
  facet normal 0.412733 0 -0.910852
    outer loop
      vertex 28.7472 2 30.353
      vertex 28.2405 0 30.1234
      vertex 28.2405 2 30.1234
    endloop
  endfacet
  facet normal -0.849198 0 -0.528074
    outer loop
      vertex 39.3612 0 26.75
      vertex 39.0675 2 27.2223
      vertex 39.3612 2 26.75
    endloop
  endfacet
  facet normal -0.849198 -0 -0.528074
    outer loop
      vertex 39.0675 2 27.2223
      vertex 39.3612 0 26.75
      vertex 39.0675 0 27.2223
    endloop
  endfacet
  facet normal 0.986645 0 -0.162883
    outer loop
      vertex 23.6633 0 24.1583
      vertex 23.5727 2 23.6095
      vertex 23.6633 2 24.1583
    endloop
  endfacet
  facet normal 0.986645 0 -0.162883
    outer loop
      vertex 23.5727 2 23.6095
      vertex 23.6633 0 24.1583
      vertex 23.5727 0 23.6095
    endloop
  endfacet
  facet normal -0.93593 0 -0.352187
    outer loop
      vertex 40.0489 0 25.2322
      vertex 39.853 2 25.7528
      vertex 40.0489 2 25.2322
    endloop
  endfacet
  facet normal -0.93593 -0 -0.352187
    outer loop
      vertex 39.853 2 25.7528
      vertex 40.0489 0 25.2322
      vertex 39.853 0 25.7528
    endloop
  endfacet
  facet normal 0.910852 0 -0.412733
    outer loop
      vertex 24.3766 0 26.2595
      vertex 24.147 2 25.7528
      vertex 24.3766 2 26.2595
    endloop
  endfacet
  facet normal 0.910852 0 -0.412733
    outer loop
      vertex 24.147 2 25.7528
      vertex 24.3766 0 26.2595
      vertex 24.147 0 25.7528
    endloop
  endfacet
  facet normal -0.683534 0 0.729918
    outer loop
      vertex 37.6044 2 16.1094
      vertex 38.0104 0 16.4896
      vertex 38.0104 2 16.4896
    endloop
  endfacet
  facet normal -0.683534 0 0.729918
    outer loop
      vertex 38.0104 0 16.4896
      vertex 37.6044 2 16.1094
      vertex 37.6044 0 16.1094
    endloop
  endfacet
  facet normal -0.582428 0 0.812882
    outer loop
      vertex 36.7223 2 15.4325
      vertex 37.1745 0 15.7565
      vertex 37.1745 2 15.7565
    endloop
  endfacet
  facet normal -0.582428 0 0.812882
    outer loop
      vertex 37.1745 0 15.7565
      vertex 36.7223 2 15.4325
      vertex 36.7223 0 15.4325
    endloop
  endfacet
  facet normal -0.352187 0 0.93593
    outer loop
      vertex 34.7322 2 14.4511
      vertex 35.2528 0 14.647
      vertex 35.2528 2 14.647
    endloop
  endfacet
  facet normal -0.352187 0 0.93593
    outer loop
      vertex 35.2528 0 14.647
      vertex 34.7322 2 14.4511
      vertex 34.7322 0 14.4511
    endloop
  endfacet
  facet normal -0.999464 0 -0.0327222
    outer loop
      vertex 40.5 0 22.5
      vertex 40.4818 2 23.0559
      vertex 40.5 2 22.5
    endloop
  endfacet
  facet normal -0.999464 -0 -0.0327222
    outer loop
      vertex 40.4818 2 23.0559
      vertex 40.5 0 22.5
      vertex 40.4818 0 23.0559
    endloop
  endfacet
  facet normal 0.995189 -0 0.0979729
    outer loop
      vertex 23.5182 0 21.9441
      vertex 23.5727 2 21.3905
      vertex 23.5182 2 21.9441
    endloop
  endfacet
  facet normal 0.995189 0 0.0979729
    outer loop
      vertex 23.5727 2 21.3905
      vertex 23.5182 0 21.9441
      vertex 23.5727 0 21.3905
    endloop
  endfacet
  facet normal -0.528074 0 0.849198
    outer loop
      vertex 36.25 2 15.1388
      vertex 36.7223 0 15.4325
      vertex 36.7223 2 15.4325
    endloop
  endfacet
  facet normal -0.528074 0 0.849198
    outer loop
      vertex 36.7223 0 15.4325
      vertex 36.25 2 15.1388
      vertex 36.25 0 15.1388
    endloop
  endfacet
  facet normal 0.729918 0 -0.683534
    outer loop
      vertex 25.9896 0 28.5104
      vertex 25.6094 2 28.1044
      vertex 25.9896 2 28.5104
    endloop
  endfacet
  facet normal 0.729918 0 -0.683534
    outer loop
      vertex 25.6094 2 28.1044
      vertex 25.9896 0 28.5104
      vertex 25.6094 0 28.1044
    endloop
  endfacet
  facet normal 0.227065 0 0.97388
    outer loop
      vertex 29.8 2 14.2896
      vertex 30.3417 0 14.1633
      vertex 30.3417 2 14.1633
    endloop
  endfacet
  facet normal 0.227065 0 0.97388
    outer loop
      vertex 30.3417 0 14.1633
      vertex 29.8 2 14.2896
      vertex 29.8 0 14.2896
    endloop
  endfacet
  facet normal 0.471428 0 -0.881905
    outer loop
      vertex 27.75 0 29.8612
      vertex 28.2405 2 30.1234
      vertex 28.2405 0 30.1234
    endloop
  endfacet
  facet normal 0.471428 0 -0.881905
    outer loop
      vertex 28.2405 2 30.1234
      vertex 27.75 0 29.8612
      vertex 27.75 2 29.8612
    endloop
  endfacet
  facet normal 0.772931 0 -0.63449
    outer loop
      vertex 25.6094 0 28.1044
      vertex 25.2565 2 27.6745
      vertex 25.6094 2 28.1044
    endloop
  endfacet
  facet normal 0.772931 0 -0.63449
    outer loop
      vertex 25.2565 2 27.6745
      vertex 25.6094 0 28.1044
      vertex 25.2565 0 27.6745
    endloop
  endfacet
  facet normal 0.956911 -0 0.290382
    outer loop
      vertex 23.7896 0 20.3
      vertex 23.9511 2 19.7678
      vertex 23.7896 2 20.3
    endloop
  endfacet
  facet normal 0.956911 0 0.290382
    outer loop
      vertex 23.9511 2 19.7678
      vertex 23.7896 0 20.3
      vertex 23.9511 0 19.7678
    endloop
  endfacet
  facet normal 0.0327222 0 -0.999464
    outer loop
      vertex 31.4441 0 30.9818
      vertex 32 2 31
      vertex 32 0 31
    endloop
  endfacet
  facet normal 0.0327222 0 -0.999464
    outer loop
      vertex 32 2 31
      vertex 31.4441 0 30.9818
      vertex 31.4441 2 30.9818
    endloop
  endfacet
  facet normal 0.772931 -0 0.63449
    outer loop
      vertex 25.2565 0 17.3255
      vertex 25.6094 2 16.8956
      vertex 25.2565 2 17.3255
    endloop
  endfacet
  facet normal 0.772931 0 0.63449
    outer loop
      vertex 25.6094 2 16.8956
      vertex 25.2565 0 17.3255
      vertex 25.6094 0 16.8956
    endloop
  endfacet
  facet normal -0.881905 0 -0.471428
    outer loop
      vertex 39.6234 0 26.2595
      vertex 39.3612 2 26.75
      vertex 39.6234 2 26.2595
    endloop
  endfacet
  facet normal -0.881905 -0 -0.471428
    outer loop
      vertex 39.3612 2 26.75
      vertex 39.6234 0 26.2595
      vertex 39.3612 0 26.75
    endloop
  endfacet
  facet normal 0.471428 0 0.881905
    outer loop
      vertex 27.75 2 15.1388
      vertex 28.2405 0 14.8766
      vertex 28.2405 2 14.8766
    endloop
  endfacet
  facet normal 0.471428 0 0.881905
    outer loop
      vertex 28.2405 0 14.8766
      vertex 27.75 2 15.1388
      vertex 27.75 0 15.1388
    endloop
  endfacet
  facet normal 0.63449 0 -0.772931
    outer loop
      vertex 26.3956 0 28.8906
      vertex 26.8255 2 29.2435
      vertex 26.8255 0 29.2435
    endloop
  endfacet
  facet normal 0.63449 0 -0.772931
    outer loop
      vertex 26.8255 2 29.2435
      vertex 26.3956 0 28.8906
      vertex 26.3956 2 28.8906
    endloop
  endfacet
  facet normal -0.412733 0 -0.910852
    outer loop
      vertex 35.2528 0 30.353
      vertex 35.7595 2 30.1234
      vertex 35.7595 0 30.1234
    endloop
  endfacet
  facet normal -0.412733 0 -0.910852
    outer loop
      vertex 35.7595 2 30.1234
      vertex 35.2528 0 30.353
      vertex 35.2528 2 30.353
    endloop
  endfacet
  facet normal -0.849198 0 0.528074
    outer loop
      vertex 39.0675 0 17.7777
      vertex 39.3612 2 18.25
      vertex 39.0675 2 17.7777
    endloop
  endfacet
  facet normal -0.849198 0 0.528074
    outer loop
      vertex 39.3612 2 18.25
      vertex 39.0675 0 17.7777
      vertex 39.3612 0 18.25
    endloop
  endfacet
  facet normal 0.162883 0 -0.986645
    outer loop
      vertex 30.3417 0 30.8367
      vertex 30.8905 2 30.9273
      vertex 30.8905 0 30.9273
    endloop
  endfacet
  facet normal 0.162883 0 -0.986645
    outer loop
      vertex 30.8905 2 30.9273
      vertex 30.3417 0 30.8367
      vertex 30.3417 2 30.8367
    endloop
  endfacet
  facet normal 0.849198 0 -0.528074
    outer loop
      vertex 24.9325 0 27.2223
      vertex 24.6388 2 26.75
      vertex 24.9325 2 27.2223
    endloop
  endfacet
  facet normal 0.849198 0 -0.528074
    outer loop
      vertex 24.6388 2 26.75
      vertex 24.9325 0 27.2223
      vertex 24.6388 0 26.75
    endloop
  endfacet
  facet normal -0.729918 0 -0.683534
    outer loop
      vertex 38.3906 0 28.1044
      vertex 38.0104 2 28.5104
      vertex 38.3906 2 28.1044
    endloop
  endfacet
  facet normal -0.729918 -0 -0.683534
    outer loop
      vertex 38.0104 2 28.5104
      vertex 38.3906 0 28.1044
      vertex 38.0104 0 28.5104
    endloop
  endfacet
  facet normal 0.352187 0 0.93593
    outer loop
      vertex 28.7472 2 14.647
      vertex 29.2678 0 14.4511
      vertex 29.2678 2 14.4511
    endloop
  endfacet
  facet normal 0.352187 0 0.93593
    outer loop
      vertex 29.2678 0 14.4511
      vertex 28.7472 2 14.647
      vertex 28.7472 0 14.647
    endloop
  endfacet
  facet normal 0.986645 -0 0.162883
    outer loop
      vertex 23.5727 0 21.3905
      vertex 23.6633 2 20.8417
      vertex 23.5727 2 21.3905
    endloop
  endfacet
  facet normal 0.986645 0 0.162883
    outer loop
      vertex 23.6633 2 20.8417
      vertex 23.5727 0 21.3905
      vertex 23.6633 0 20.8417
    endloop
  endfacet
  facet normal -0.582428 0 -0.812882
    outer loop
      vertex 36.7223 0 29.5675
      vertex 37.1745 2 29.2435
      vertex 37.1745 0 29.2435
    endloop
  endfacet
  facet normal -0.582428 0 -0.812882
    outer loop
      vertex 37.1745 2 29.2435
      vertex 36.7223 0 29.5675
      vertex 36.7223 2 29.5675
    endloop
  endfacet
  facet normal -0.910852 0 -0.412733
    outer loop
      vertex 39.853 0 25.7528
      vertex 39.6234 2 26.2595
      vertex 39.853 2 25.7528
    endloop
  endfacet
  facet normal -0.910852 -0 -0.412733
    outer loop
      vertex 39.6234 2 26.2595
      vertex 39.853 0 25.7528
      vertex 39.6234 0 26.2595
    endloop
  endfacet
  facet normal -0.352187 0 -0.93593
    outer loop
      vertex 34.7322 0 30.5489
      vertex 35.2528 2 30.353
      vertex 35.2528 0 30.353
    endloop
  endfacet
  facet normal -0.352187 0 -0.93593
    outer loop
      vertex 35.2528 2 30.353
      vertex 34.7322 0 30.5489
      vertex 34.7322 2 30.5489
    endloop
  endfacet
  facet normal 0.582428 0 0.812882
    outer loop
      vertex 26.8255 2 15.7565
      vertex 27.2777 0 15.4325
      vertex 27.2777 2 15.4325
    endloop
  endfacet
  facet normal 0.582428 0 0.812882
    outer loop
      vertex 27.2777 0 15.4325
      vertex 26.8255 2 15.7565
      vertex 26.8255 0 15.7565
    endloop
  endfacet
  facet normal -0.412733 0 0.910852
    outer loop
      vertex 35.2528 2 14.647
      vertex 35.7595 0 14.8766
      vertex 35.7595 2 14.8766
    endloop
  endfacet
  facet normal -0.412733 0 0.910852
    outer loop
      vertex 35.7595 0 14.8766
      vertex 35.2528 2 14.647
      vertex 35.2528 0 14.647
    endloop
  endfacet
  facet normal -0.772931 0 0.63449
    outer loop
      vertex 38.3906 0 16.8956
      vertex 38.7435 2 17.3255
      vertex 38.3906 2 16.8956
    endloop
  endfacet
  facet normal -0.772931 0 0.63449
    outer loop
      vertex 38.7435 2 17.3255
      vertex 38.3906 0 16.8956
      vertex 38.7435 0 17.3255
    endloop
  endfacet
  facet normal 0.812882 -0 0.582428
    outer loop
      vertex 24.9325 0 17.7777
      vertex 25.2565 2 17.3255
      vertex 24.9325 2 17.7777
    endloop
  endfacet
  facet normal 0.812882 0 0.582428
    outer loop
      vertex 25.2565 2 17.3255
      vertex 24.9325 0 17.7777
      vertex 25.2565 0 17.3255
    endloop
  endfacet
  facet normal -0.956911 0 -0.290382
    outer loop
      vertex 40.2104 0 24.7
      vertex 40.0489 2 25.2322
      vertex 40.2104 2 24.7
    endloop
  endfacet
  facet normal -0.956911 -0 -0.290382
    outer loop
      vertex 40.0489 2 25.2322
      vertex 40.2104 0 24.7
      vertex 40.0489 0 25.2322
    endloop
  endfacet
  facet normal -0.986645 0 -0.162883
    outer loop
      vertex 40.4273 0 23.6095
      vertex 40.3367 2 24.1583
      vertex 40.4273 2 23.6095
    endloop
  endfacet
  facet normal -0.986645 -0 -0.162883
    outer loop
      vertex 40.3367 2 24.1583
      vertex 40.4273 0 23.6095
      vertex 40.3367 0 24.1583
    endloop
  endfacet
  facet normal 0.528074 0 0.849198
    outer loop
      vertex 27.2777 2 15.4325
      vertex 27.75 0 15.1388
      vertex 27.75 2 15.1388
    endloop
  endfacet
  facet normal 0.528074 0 0.849198
    outer loop
      vertex 27.75 0 15.1388
      vertex 27.2777 2 15.4325
      vertex 27.2777 0 15.4325
    endloop
  endfacet
  facet normal -0.227065 0 0.97388
    outer loop
      vertex 33.6583 2 14.1633
      vertex 34.2 0 14.2896
      vertex 34.2 2 14.2896
    endloop
  endfacet
  facet normal -0.227065 0 0.97388
    outer loop
      vertex 34.2 0 14.2896
      vertex 33.6583 2 14.1633
      vertex 33.6583 0 14.1633
    endloop
  endfacet
  facet normal 0.93593 0 -0.352187
    outer loop
      vertex 24.147 0 25.7528
      vertex 23.9511 2 25.2322
      vertex 24.147 2 25.7528
    endloop
  endfacet
  facet normal 0.93593 0 -0.352187
    outer loop
      vertex 23.9511 2 25.2322
      vertex 24.147 0 25.7528
      vertex 23.9511 0 25.2322
    endloop
  endfacet
  facet normal 0.93593 -0 0.352187
    outer loop
      vertex 23.9511 0 19.7678
      vertex 24.147 2 19.2472
      vertex 23.9511 2 19.7678
    endloop
  endfacet
  facet normal 0.93593 0 0.352187
    outer loop
      vertex 24.147 2 19.2472
      vertex 23.9511 0 19.7678
      vertex 24.147 0 19.2472
    endloop
  endfacet
  facet normal 0.881905 -0 0.471428
    outer loop
      vertex 24.3766 0 18.7405
      vertex 24.6388 2 18.25
      vertex 24.3766 2 18.7405
    endloop
  endfacet
  facet normal 0.881905 0 0.471428
    outer loop
      vertex 24.6388 2 18.25
      vertex 24.3766 0 18.7405
      vertex 24.6388 0 18.25
    endloop
  endfacet
  facet normal 0.910852 -0 0.412733
    outer loop
      vertex 24.147 0 19.2472
      vertex 24.3766 2 18.7405
      vertex 24.147 2 19.2472
    endloop
  endfacet
  facet normal 0.910852 0 0.412733
    outer loop
      vertex 24.3766 2 18.7405
      vertex 24.147 0 19.2472
      vertex 24.3766 0 18.7405
    endloop
  endfacet
  facet normal 0.582428 0 -0.812882
    outer loop
      vertex 26.8255 0 29.2435
      vertex 27.2777 2 29.5675
      vertex 27.2777 0 29.5675
    endloop
  endfacet
  facet normal 0.582428 0 -0.812882
    outer loop
      vertex 27.2777 2 29.5675
      vertex 26.8255 0 29.2435
      vertex 26.8255 2 29.2435
    endloop
  endfacet
  facet normal 0.849198 -0 0.528074
    outer loop
      vertex 24.6388 0 18.25
      vertex 24.9325 2 17.7777
      vertex 24.6388 2 18.25
    endloop
  endfacet
  facet normal 0.849198 0 0.528074
    outer loop
      vertex 24.9325 2 17.7777
      vertex 24.6388 0 18.25
      vertex 24.9325 0 17.7777
    endloop
  endfacet
  facet normal -0.63449 0 -0.772931
    outer loop
      vertex 37.1745 0 29.2435
      vertex 37.6044 2 28.8906
      vertex 37.6044 0 28.8906
    endloop
  endfacet
  facet normal -0.63449 0 -0.772931
    outer loop
      vertex 37.6044 2 28.8906
      vertex 37.1745 0 29.2435
      vertex 37.1745 2 29.2435
    endloop
  endfacet
  facet normal -0.729918 0 0.683534
    outer loop
      vertex 38.0104 0 16.4896
      vertex 38.3906 2 16.8956
      vertex 38.0104 2 16.4896
    endloop
  endfacet
  facet normal -0.729918 0 0.683534
    outer loop
      vertex 38.3906 2 16.8956
      vertex 38.0104 0 16.4896
      vertex 38.3906 0 16.8956
    endloop
  endfacet
  facet normal -0.290382 0 -0.956911
    outer loop
      vertex 34.2 0 30.7104
      vertex 34.7322 2 30.5489
      vertex 34.7322 0 30.5489
    endloop
  endfacet
  facet normal -0.290382 0 -0.956911
    outer loop
      vertex 34.7322 2 30.5489
      vertex 34.2 0 30.7104
      vertex 34.2 2 30.7104
    endloop
  endfacet
  facet normal 0.956911 0 -0.290382
    outer loop
      vertex 23.9511 0 25.2322
      vertex 23.7896 2 24.7
      vertex 23.9511 2 25.2322
    endloop
  endfacet
  facet normal 0.956911 0 -0.290382
    outer loop
      vertex 23.7896 2 24.7
      vertex 23.9511 0 25.2322
      vertex 23.7896 0 24.7
    endloop
  endfacet
  facet normal 0.97388 -0 0.227065
    outer loop
      vertex 23.6633 0 20.8417
      vertex 23.7896 2 20.3
      vertex 23.6633 2 20.8417
    endloop
  endfacet
  facet normal 0.97388 0 0.227065
    outer loop
      vertex 23.7896 2 20.3
      vertex 23.6633 0 20.8417
      vertex 23.7896 0 20.3
    endloop
  endfacet
  facet normal 0.290382 0 0.956911
    outer loop
      vertex 29.2678 2 14.4511
      vertex 29.8 0 14.2896
      vertex 29.8 2 14.2896
    endloop
  endfacet
  facet normal 0.290382 0 0.956911
    outer loop
      vertex 29.8 0 14.2896
      vertex 29.2678 2 14.4511
      vertex 29.2678 0 14.4511
    endloop
  endfacet
  facet normal 0.290382 0 -0.956911
    outer loop
      vertex 29.2678 0 30.5489
      vertex 29.8 2 30.7104
      vertex 29.8 0 30.7104
    endloop
  endfacet
  facet normal 0.290382 0 -0.956911
    outer loop
      vertex 29.8 2 30.7104
      vertex 29.2678 0 30.5489
      vertex 29.2678 2 30.5489
    endloop
  endfacet
  facet normal -0.683534 0 -0.729918
    outer loop
      vertex 37.6044 0 28.8906
      vertex 38.0104 2 28.5104
      vertex 38.0104 0 28.5104
    endloop
  endfacet
  facet normal -0.683534 0 -0.729918
    outer loop
      vertex 38.0104 2 28.5104
      vertex 37.6044 0 28.8906
      vertex 37.6044 2 28.8906
    endloop
  endfacet
  facet normal 0.683534 0 0.729918
    outer loop
      vertex 25.9896 2 16.4896
      vertex 26.3956 0 16.1094
      vertex 26.3956 2 16.1094
    endloop
  endfacet
  facet normal 0.683534 0 0.729918
    outer loop
      vertex 26.3956 0 16.1094
      vertex 25.9896 2 16.4896
      vertex 25.9896 0 16.4896
    endloop
  endfacet
  facet normal -0.471428 0 -0.881905
    outer loop
      vertex 35.7595 0 30.1234
      vertex 36.25 2 29.8612
      vertex 36.25 0 29.8612
    endloop
  endfacet
  facet normal -0.471428 0 -0.881905
    outer loop
      vertex 36.25 2 29.8612
      vertex 35.7595 0 30.1234
      vertex 35.7595 2 30.1234
    endloop
  endfacet
  facet normal -0.528074 0 -0.849198
    outer loop
      vertex 36.25 0 29.8612
      vertex 36.7223 2 29.5675
      vertex 36.7223 0 29.5675
    endloop
  endfacet
  facet normal -0.528074 0 -0.849198
    outer loop
      vertex 36.7223 2 29.5675
      vertex 36.25 0 29.8612
      vertex 36.25 2 29.8612
    endloop
  endfacet
  facet normal 0.999464 0 -0.0327222
    outer loop
      vertex 23.5182 0 23.0559
      vertex 23.5 2 22.5
      vertex 23.5182 2 23.0559
    endloop
  endfacet
  facet normal 0.999464 0 -0.0327222
    outer loop
      vertex 23.5 2 22.5
      vertex 23.5182 0 23.0559
      vertex 23.5 0 22.5
    endloop
  endfacet
  facet normal -0.290382 0 0.956911
    outer loop
      vertex 34.2 2 14.2896
      vertex 34.7322 0 14.4511
      vertex 34.7322 2 14.4511
    endloop
  endfacet
  facet normal -0.290382 0 0.956911
    outer loop
      vertex 34.7322 0 14.4511
      vertex 34.2 2 14.2896
      vertex 34.2 0 14.2896
    endloop
  endfacet
  facet normal 0.0979729 0 -0.995189
    outer loop
      vertex 30.8905 0 30.9273
      vertex 31.4441 2 30.9818
      vertex 31.4441 0 30.9818
    endloop
  endfacet
  facet normal 0.0979729 0 -0.995189
    outer loop
      vertex 31.4441 2 30.9818
      vertex 30.8905 0 30.9273
      vertex 30.8905 2 30.9273
    endloop
  endfacet
  facet normal 0.352187 0 -0.93593
    outer loop
      vertex 28.7472 0 30.353
      vertex 29.2678 2 30.5489
      vertex 29.2678 0 30.5489
    endloop
  endfacet
  facet normal 0.352187 0 -0.93593
    outer loop
      vertex 29.2678 2 30.5489
      vertex 28.7472 0 30.353
      vertex 28.7472 2 30.353
    endloop
  endfacet
  facet normal 0.881905 0 -0.471428
    outer loop
      vertex 24.6388 0 26.75
      vertex 24.3766 2 26.2595
      vertex 24.6388 2 26.75
    endloop
  endfacet
  facet normal 0.881905 0 -0.471428
    outer loop
      vertex 24.3766 2 26.2595
      vertex 24.6388 0 26.75
      vertex 24.3766 0 26.2595
    endloop
  endfacet
  facet normal -0.97388 0 -0.227065
    outer loop
      vertex 66.3367 0 24.1583
      vertex 66.2104 2 24.7
      vertex 66.3367 2 24.1583
    endloop
  endfacet
  facet normal -0.97388 -0 -0.227065
    outer loop
      vertex 66.2104 2 24.7
      vertex 66.3367 0 24.1583
      vertex 66.2104 0 24.7
    endloop
  endfacet
  facet normal -0.995189 0 0.0979729
    outer loop
      vertex 66.4273 0 21.3905
      vertex 66.4818 2 21.9441
      vertex 66.4273 2 21.3905
    endloop
  endfacet
  facet normal -0.995189 0 0.0979729
    outer loop
      vertex 66.4818 2 21.9441
      vertex 66.4273 0 21.3905
      vertex 66.4818 0 21.9441
    endloop
  endfacet
  facet normal -0.999464 0 0.0327222
    outer loop
      vertex 66.4818 0 21.9441
      vertex 66.5 2 22.5
      vertex 66.4818 2 21.9441
    endloop
  endfacet
  facet normal -0.999464 0 0.0327222
    outer loop
      vertex 66.5 2 22.5
      vertex 66.4818 0 21.9441
      vertex 66.5 0 22.5
    endloop
  endfacet
  facet normal -0.986645 0 0.162883
    outer loop
      vertex 66.3367 0 20.8417
      vertex 66.4273 2 21.3905
      vertex 66.3367 2 20.8417
    endloop
  endfacet
  facet normal -0.986645 0 0.162883
    outer loop
      vertex 66.4273 2 21.3905
      vertex 66.3367 0 20.8417
      vertex 66.4273 0 21.3905
    endloop
  endfacet
  facet normal -0.97388 0 0.227065
    outer loop
      vertex 66.2104 0 20.3
      vertex 66.3367 2 20.8417
      vertex 66.2104 2 20.3
    endloop
  endfacet
  facet normal -0.97388 0 0.227065
    outer loop
      vertex 66.3367 2 20.8417
      vertex 66.2104 0 20.3
      vertex 66.3367 0 20.8417
    endloop
  endfacet
  facet normal -0.772931 0 -0.63449
    outer loop
      vertex 64.7435 0 27.6745
      vertex 64.3906 2 28.1044
      vertex 64.7435 2 27.6745
    endloop
  endfacet
  facet normal -0.772931 -0 -0.63449
    outer loop
      vertex 64.3906 2 28.1044
      vertex 64.7435 0 27.6745
      vertex 64.3906 0 28.1044
    endloop
  endfacet
  facet normal -0.995189 0 -0.0979729
    outer loop
      vertex 66.4818 0 23.0559
      vertex 66.4273 2 23.6095
      vertex 66.4818 2 23.0559
    endloop
  endfacet
  facet normal -0.995189 -0 -0.0979729
    outer loop
      vertex 66.4273 2 23.6095
      vertex 66.4818 0 23.0559
      vertex 66.4273 0 23.6095
    endloop
  endfacet
  facet normal -0.227065 0 -0.97388
    outer loop
      vertex 59.6583 0 30.8367
      vertex 60.2 2 30.7104
      vertex 60.2 0 30.7104
    endloop
  endfacet
  facet normal -0.227065 0 -0.97388
    outer loop
      vertex 60.2 2 30.7104
      vertex 59.6583 0 30.8367
      vertex 59.6583 2 30.8367
    endloop
  endfacet
  facet normal -0.729918 0 -0.683534
    outer loop
      vertex 64.3906 0 28.1044
      vertex 64.0104 2 28.5104
      vertex 64.3906 2 28.1044
    endloop
  endfacet
  facet normal -0.729918 -0 -0.683534
    outer loop
      vertex 64.0104 2 28.5104
      vertex 64.3906 0 28.1044
      vertex 64.0104 0 28.5104
    endloop
  endfacet
  facet normal -0.582428 0 -0.812882
    outer loop
      vertex 62.7223 0 29.5675
      vertex 63.1745 2 29.2435
      vertex 63.1745 0 29.2435
    endloop
  endfacet
  facet normal -0.582428 0 -0.812882
    outer loop
      vertex 63.1745 2 29.2435
      vertex 62.7223 0 29.5675
      vertex 62.7223 2 29.5675
    endloop
  endfacet
  facet normal 0.849198 0 -0.528074
    outer loop
      vertex 50.9325 0 27.2223
      vertex 50.6388 2 26.75
      vertex 50.9325 2 27.2223
    endloop
  endfacet
  facet normal 0.849198 0 -0.528074
    outer loop
      vertex 50.6388 2 26.75
      vertex 50.9325 0 27.2223
      vertex 50.6388 0 26.75
    endloop
  endfacet
  facet normal -0.956911 0 0.290382
    outer loop
      vertex 66.0489 0 19.7678
      vertex 66.2104 2 20.3
      vertex 66.0489 2 19.7678
    endloop
  endfacet
  facet normal -0.956911 0 0.290382
    outer loop
      vertex 66.2104 2 20.3
      vertex 66.0489 0 19.7678
      vertex 66.2104 0 20.3
    endloop
  endfacet
  facet normal -0.93593 0 0.352187
    outer loop
      vertex 65.853 0 19.2472
      vertex 66.0489 2 19.7678
      vertex 65.853 2 19.2472
    endloop
  endfacet
  facet normal -0.93593 0 0.352187
    outer loop
      vertex 66.0489 2 19.7678
      vertex 65.853 0 19.2472
      vertex 66.0489 0 19.7678
    endloop
  endfacet
  facet normal -0.772931 0 0.63449
    outer loop
      vertex 64.3906 0 16.8956
      vertex 64.7435 2 17.3255
      vertex 64.3906 2 16.8956
    endloop
  endfacet
  facet normal -0.772931 0 0.63449
    outer loop
      vertex 64.7435 2 17.3255
      vertex 64.3906 0 16.8956
      vertex 64.7435 0 17.3255
    endloop
  endfacet
  facet normal 0.812882 0 -0.582428
    outer loop
      vertex 51.2565 0 27.6745
      vertex 50.9325 2 27.2223
      vertex 51.2565 2 27.6745
    endloop
  endfacet
  facet normal 0.812882 0 -0.582428
    outer loop
      vertex 50.9325 2 27.2223
      vertex 51.2565 0 27.6745
      vertex 50.9325 0 27.2223
    endloop
  endfacet
  facet normal 0.881905 0 -0.471428
    outer loop
      vertex 50.6388 0 26.75
      vertex 50.3766 2 26.2595
      vertex 50.6388 2 26.75
    endloop
  endfacet
  facet normal 0.881905 0 -0.471428
    outer loop
      vertex 50.3766 2 26.2595
      vertex 50.6388 0 26.75
      vertex 50.3766 0 26.2595
    endloop
  endfacet
  facet normal 0.528074 0 0.849198
    outer loop
      vertex 53.2777 2 15.4325
      vertex 53.75 0 15.1388
      vertex 53.75 2 15.1388
    endloop
  endfacet
  facet normal 0.528074 0 0.849198
    outer loop
      vertex 53.75 0 15.1388
      vertex 53.2777 2 15.4325
      vertex 53.2777 0 15.4325
    endloop
  endfacet
  facet normal -0.0979729 0 -0.995189
    outer loop
      vertex 58.5559 0 30.9818
      vertex 59.1095 2 30.9273
      vertex 59.1095 0 30.9273
    endloop
  endfacet
  facet normal -0.0979729 0 -0.995189
    outer loop
      vertex 59.1095 2 30.9273
      vertex 58.5559 0 30.9818
      vertex 58.5559 2 30.9818
    endloop
  endfacet
  facet normal 0.683534 0 -0.729918
    outer loop
      vertex 51.9896 0 28.5104
      vertex 52.3956 2 28.8906
      vertex 52.3956 0 28.8906
    endloop
  endfacet
  facet normal 0.683534 0 -0.729918
    outer loop
      vertex 52.3956 2 28.8906
      vertex 51.9896 0 28.5104
      vertex 51.9896 2 28.5104
    endloop
  endfacet
  facet normal -0.881905 0 0.471428
    outer loop
      vertex 65.3612 0 18.25
      vertex 65.6234 2 18.7405
      vertex 65.3612 2 18.25
    endloop
  endfacet
  facet normal -0.881905 0 0.471428
    outer loop
      vertex 65.6234 2 18.7405
      vertex 65.3612 0 18.25
      vertex 65.6234 0 18.7405
    endloop
  endfacet
  facet normal 0.412733 0 0.910852
    outer loop
      vertex 54.2405 2 14.8766
      vertex 54.7472 0 14.647
      vertex 54.7472 2 14.647
    endloop
  endfacet
  facet normal 0.412733 0 0.910852
    outer loop
      vertex 54.7472 0 14.647
      vertex 54.2405 2 14.8766
      vertex 54.2405 0 14.8766
    endloop
  endfacet
  facet normal -0.910852 0 0.412733
    outer loop
      vertex 65.6234 0 18.7405
      vertex 65.853 2 19.2472
      vertex 65.6234 2 18.7405
    endloop
  endfacet
  facet normal -0.910852 0 0.412733
    outer loop
      vertex 65.853 2 19.2472
      vertex 65.6234 0 18.7405
      vertex 65.853 0 19.2472
    endloop
  endfacet
  facet normal -0.812882 0 0.582428
    outer loop
      vertex 64.7435 0 17.3255
      vertex 65.0675 2 17.7777
      vertex 64.7435 2 17.3255
    endloop
  endfacet
  facet normal -0.812882 0 0.582428
    outer loop
      vertex 65.0675 2 17.7777
      vertex 64.7435 0 17.3255
      vertex 65.0675 0 17.7777
    endloop
  endfacet
  facet normal 0.63449 0 0.772931
    outer loop
      vertex 52.3956 2 16.1094
      vertex 52.8255 0 15.7565
      vertex 52.8255 2 15.7565
    endloop
  endfacet
  facet normal 0.63449 0 0.772931
    outer loop
      vertex 52.8255 0 15.7565
      vertex 52.3956 2 16.1094
      vertex 52.3956 0 16.1094
    endloop
  endfacet
  facet normal 0.729918 -0 0.683534
    outer loop
      vertex 51.6094 0 16.8956
      vertex 51.9896 2 16.4896
      vertex 51.6094 2 16.8956
    endloop
  endfacet
  facet normal 0.729918 0 0.683534
    outer loop
      vertex 51.9896 2 16.4896
      vertex 51.6094 0 16.8956
      vertex 51.9896 0 16.4896
    endloop
  endfacet
  facet normal 0.0979729 0 0.995189
    outer loop
      vertex 56.8905 2 14.0727
      vertex 57.4441 0 14.0182
      vertex 57.4441 2 14.0182
    endloop
  endfacet
  facet normal 0.0979729 0 0.995189
    outer loop
      vertex 57.4441 0 14.0182
      vertex 56.8905 2 14.0727
      vertex 56.8905 0 14.0727
    endloop
  endfacet
  facet normal 0.0327222 0 0.999464
    outer loop
      vertex 57.4441 2 14.0182
      vertex 58 0 14
      vertex 58 2 14
    endloop
  endfacet
  facet normal 0.0327222 0 0.999464
    outer loop
      vertex 58 0 14
      vertex 57.4441 2 14.0182
      vertex 57.4441 0 14.0182
    endloop
  endfacet
  facet normal -0.0979729 0 0.995189
    outer loop
      vertex 58.5559 2 14.0182
      vertex 59.1095 0 14.0727
      vertex 59.1095 2 14.0727
    endloop
  endfacet
  facet normal -0.0979729 0 0.995189
    outer loop
      vertex 59.1095 0 14.0727
      vertex 58.5559 2 14.0182
      vertex 58.5559 0 14.0182
    endloop
  endfacet
  facet normal -0.812882 0 -0.582428
    outer loop
      vertex 65.0675 0 27.2223
      vertex 64.7435 2 27.6745
      vertex 65.0675 2 27.2223
    endloop
  endfacet
  facet normal -0.812882 -0 -0.582428
    outer loop
      vertex 64.7435 2 27.6745
      vertex 65.0675 0 27.2223
      vertex 64.7435 0 27.6745
    endloop
  endfacet
  facet normal -0.162883 0 -0.986645
    outer loop
      vertex 59.1095 0 30.9273
      vertex 59.6583 2 30.8367
      vertex 59.6583 0 30.8367
    endloop
  endfacet
  facet normal -0.162883 0 -0.986645
    outer loop
      vertex 59.6583 2 30.8367
      vertex 59.1095 0 30.9273
      vertex 59.1095 2 30.9273
    endloop
  endfacet
  facet normal -0.63449 0 0.772931
    outer loop
      vertex 63.1745 2 15.7565
      vertex 63.6044 0 16.1094
      vertex 63.6044 2 16.1094
    endloop
  endfacet
  facet normal -0.63449 0 0.772931
    outer loop
      vertex 63.6044 0 16.1094
      vertex 63.1745 2 15.7565
      vertex 63.1745 0 15.7565
    endloop
  endfacet
  facet normal -0.0327222 0 -0.999464
    outer loop
      vertex 58 0 31
      vertex 58.5559 2 30.9818
      vertex 58.5559 0 30.9818
    endloop
  endfacet
  facet normal -0.0327222 0 -0.999464
    outer loop
      vertex 58.5559 2 30.9818
      vertex 58 0 31
      vertex 58 2 31
    endloop
  endfacet
  facet normal 0.995189 0 -0.0979729
    outer loop
      vertex 49.5727 0 23.6095
      vertex 49.5182 2 23.0559
      vertex 49.5727 2 23.6095
    endloop
  endfacet
  facet normal 0.995189 0 -0.0979729
    outer loop
      vertex 49.5182 2 23.0559
      vertex 49.5727 0 23.6095
      vertex 49.5182 0 23.0559
    endloop
  endfacet
  facet normal 0.582428 0 -0.812882
    outer loop
      vertex 52.8255 0 29.2435
      vertex 53.2777 2 29.5675
      vertex 53.2777 0 29.5675
    endloop
  endfacet
  facet normal 0.582428 0 -0.812882
    outer loop
      vertex 53.2777 2 29.5675
      vertex 52.8255 0 29.2435
      vertex 52.8255 2 29.2435
    endloop
  endfacet
  facet normal 0.97388 0 -0.227065
    outer loop
      vertex 49.7896 0 24.7
      vertex 49.6633 2 24.1583
      vertex 49.7896 2 24.7
    endloop
  endfacet
  facet normal 0.97388 0 -0.227065
    outer loop
      vertex 49.6633 2 24.1583
      vertex 49.7896 0 24.7
      vertex 49.6633 0 24.1583
    endloop
  endfacet
  facet normal 0.162883 0 0.986645
    outer loop
      vertex 56.3417 2 14.1633
      vertex 56.8905 0 14.0727
      vertex 56.8905 2 14.0727
    endloop
  endfacet
  facet normal 0.162883 0 0.986645
    outer loop
      vertex 56.8905 0 14.0727
      vertex 56.3417 2 14.1633
      vertex 56.3417 0 14.1633
    endloop
  endfacet
  facet normal 0.812882 -0 0.582428
    outer loop
      vertex 50.9325 0 17.7777
      vertex 51.2565 2 17.3255
      vertex 50.9325 2 17.7777
    endloop
  endfacet
  facet normal 0.812882 0 0.582428
    outer loop
      vertex 51.2565 2 17.3255
      vertex 50.9325 0 17.7777
      vertex 51.2565 0 17.3255
    endloop
  endfacet
  facet normal -0.849198 0 -0.528074
    outer loop
      vertex 65.3612 0 26.75
      vertex 65.0675 2 27.2223
      vertex 65.3612 2 26.75
    endloop
  endfacet
  facet normal -0.849198 -0 -0.528074
    outer loop
      vertex 65.0675 2 27.2223
      vertex 65.3612 0 26.75
      vertex 65.0675 0 27.2223
    endloop
  endfacet
  facet normal 0.986645 0 -0.162883
    outer loop
      vertex 49.6633 0 24.1583
      vertex 49.5727 2 23.6095
      vertex 49.6633 2 24.1583
    endloop
  endfacet
  facet normal 0.986645 0 -0.162883
    outer loop
      vertex 49.5727 2 23.6095
      vertex 49.6633 0 24.1583
      vertex 49.5727 0 23.6095
    endloop
  endfacet
  facet normal -0.93593 0 -0.352187
    outer loop
      vertex 66.0489 0 25.2322
      vertex 65.853 2 25.7528
      vertex 66.0489 2 25.2322
    endloop
  endfacet
  facet normal -0.93593 -0 -0.352187
    outer loop
      vertex 65.853 2 25.7528
      vertex 66.0489 0 25.2322
      vertex 65.853 0 25.7528
    endloop
  endfacet
  facet normal 0.683534 0 0.729918
    outer loop
      vertex 51.9896 2 16.4896
      vertex 52.3956 0 16.1094
      vertex 52.3956 2 16.1094
    endloop
  endfacet
  facet normal 0.683534 0 0.729918
    outer loop
      vertex 52.3956 0 16.1094
      vertex 51.9896 2 16.4896
      vertex 51.9896 0 16.4896
    endloop
  endfacet
  facet normal -0.683534 0 0.729918
    outer loop
      vertex 63.6044 2 16.1094
      vertex 64.0104 0 16.4896
      vertex 64.0104 2 16.4896
    endloop
  endfacet
  facet normal -0.683534 0 0.729918
    outer loop
      vertex 64.0104 0 16.4896
      vertex 63.6044 2 16.1094
      vertex 63.6044 0 16.1094
    endloop
  endfacet
  facet normal -0.582428 0 0.812882
    outer loop
      vertex 62.7223 2 15.4325
      vertex 63.1745 0 15.7565
      vertex 63.1745 2 15.7565
    endloop
  endfacet
  facet normal -0.582428 0 0.812882
    outer loop
      vertex 63.1745 0 15.7565
      vertex 62.7223 2 15.4325
      vertex 62.7223 0 15.4325
    endloop
  endfacet
  facet normal -0.352187 0 0.93593
    outer loop
      vertex 60.7322 2 14.4511
      vertex 61.2528 0 14.647
      vertex 61.2528 2 14.647
    endloop
  endfacet
  facet normal -0.352187 0 0.93593
    outer loop
      vertex 61.2528 0 14.647
      vertex 60.7322 2 14.4511
      vertex 60.7322 0 14.4511
    endloop
  endfacet
  facet normal 0.0327222 0 -0.999464
    outer loop
      vertex 57.4441 0 30.9818
      vertex 58 2 31
      vertex 58 0 31
    endloop
  endfacet
  facet normal 0.0327222 0 -0.999464
    outer loop
      vertex 58 2 31
      vertex 57.4441 0 30.9818
      vertex 57.4441 2 30.9818
    endloop
  endfacet
  facet normal -0.999464 0 -0.0327222
    outer loop
      vertex 66.5 0 22.5
      vertex 66.4818 2 23.0559
      vertex 66.5 2 22.5
    endloop
  endfacet
  facet normal -0.999464 -0 -0.0327222
    outer loop
      vertex 66.4818 2 23.0559
      vertex 66.5 0 22.5
      vertex 66.4818 0 23.0559
    endloop
  endfacet
  facet normal 0.995189 -0 0.0979729
    outer loop
      vertex 49.5182 0 21.9441
      vertex 49.5727 2 21.3905
      vertex 49.5182 2 21.9441
    endloop
  endfacet
  facet normal 0.995189 0 0.0979729
    outer loop
      vertex 49.5727 2 21.3905
      vertex 49.5182 0 21.9441
      vertex 49.5727 0 21.3905
    endloop
  endfacet
  facet normal -0.528074 0 0.849198
    outer loop
      vertex 62.25 2 15.1388
      vertex 62.7223 0 15.4325
      vertex 62.7223 2 15.4325
    endloop
  endfacet
  facet normal -0.528074 0 0.849198
    outer loop
      vertex 62.7223 0 15.4325
      vertex 62.25 2 15.1388
      vertex 62.25 0 15.1388
    endloop
  endfacet
  facet normal 0.729918 0 -0.683534
    outer loop
      vertex 51.9896 0 28.5104
      vertex 51.6094 2 28.1044
      vertex 51.9896 2 28.5104
    endloop
  endfacet
  facet normal 0.729918 0 -0.683534
    outer loop
      vertex 51.6094 2 28.1044
      vertex 51.9896 0 28.5104
      vertex 51.6094 0 28.1044
    endloop
  endfacet
  facet normal 0.227065 0 0.97388
    outer loop
      vertex 55.8 2 14.2896
      vertex 56.3417 0 14.1633
      vertex 56.3417 2 14.1633
    endloop
  endfacet
  facet normal 0.227065 0 0.97388
    outer loop
      vertex 56.3417 0 14.1633
      vertex 55.8 2 14.2896
      vertex 55.8 0 14.2896
    endloop
  endfacet
  facet normal 0.772931 0 -0.63449
    outer loop
      vertex 51.6094 0 28.1044
      vertex 51.2565 2 27.6745
      vertex 51.6094 2 28.1044
    endloop
  endfacet
  facet normal 0.772931 0 -0.63449
    outer loop
      vertex 51.2565 2 27.6745
      vertex 51.6094 0 28.1044
      vertex 51.2565 0 27.6745
    endloop
  endfacet
  facet normal 0.956911 -0 0.290382
    outer loop
      vertex 49.7896 0 20.3
      vertex 49.9511 2 19.7678
      vertex 49.7896 2 20.3
    endloop
  endfacet
  facet normal 0.956911 0 0.290382
    outer loop
      vertex 49.9511 2 19.7678
      vertex 49.7896 0 20.3
      vertex 49.9511 0 19.7678
    endloop
  endfacet
  facet normal 0.352187 0 -0.93593
    outer loop
      vertex 54.7472 0 30.353
      vertex 55.2678 2 30.5489
      vertex 55.2678 0 30.5489
    endloop
  endfacet
  facet normal 0.352187 0 -0.93593
    outer loop
      vertex 55.2678 2 30.5489
      vertex 54.7472 0 30.353
      vertex 54.7472 2 30.353
    endloop
  endfacet
  facet normal -0.881905 0 -0.471428
    outer loop
      vertex 65.6234 0 26.2595
      vertex 65.3612 2 26.75
      vertex 65.6234 2 26.2595
    endloop
  endfacet
  facet normal -0.881905 -0 -0.471428
    outer loop
      vertex 65.3612 2 26.75
      vertex 65.6234 0 26.2595
      vertex 65.3612 0 26.75
    endloop
  endfacet
  facet normal -0.290382 0 0.956911
    outer loop
      vertex 60.2 2 14.2896
      vertex 60.7322 0 14.4511
      vertex 60.7322 2 14.4511
    endloop
  endfacet
  facet normal -0.290382 0 0.956911
    outer loop
      vertex 60.7322 0 14.4511
      vertex 60.2 2 14.2896
      vertex 60.2 0 14.2896
    endloop
  endfacet
  facet normal 0.999464 -0 0.0327222
    outer loop
      vertex 49.5 0 22.5
      vertex 49.5182 2 21.9441
      vertex 49.5 2 22.5
    endloop
  endfacet
  facet normal 0.999464 0 0.0327222
    outer loop
      vertex 49.5182 2 21.9441
      vertex 49.5 0 22.5
      vertex 49.5182 0 21.9441
    endloop
  endfacet
  facet normal 0.471428 0 0.881905
    outer loop
      vertex 53.75 2 15.1388
      vertex 54.2405 0 14.8766
      vertex 54.2405 2 14.8766
    endloop
  endfacet
  facet normal 0.471428 0 0.881905
    outer loop
      vertex 54.2405 0 14.8766
      vertex 53.75 2 15.1388
      vertex 53.75 0 15.1388
    endloop
  endfacet
  facet normal -0.412733 0 -0.910852
    outer loop
      vertex 61.2528 0 30.353
      vertex 61.7595 2 30.1234
      vertex 61.7595 0 30.1234
    endloop
  endfacet
  facet normal -0.412733 0 -0.910852
    outer loop
      vertex 61.7595 2 30.1234
      vertex 61.2528 0 30.353
      vertex 61.2528 2 30.353
    endloop
  endfacet
  facet normal -0.849198 0 0.528074
    outer loop
      vertex 65.0675 0 17.7777
      vertex 65.3612 2 18.25
      vertex 65.0675 2 17.7777
    endloop
  endfacet
  facet normal -0.849198 0 0.528074
    outer loop
      vertex 65.3612 2 18.25
      vertex 65.0675 0 17.7777
      vertex 65.3612 0 18.25
    endloop
  endfacet
  facet normal -0.412733 0 0.910852
    outer loop
      vertex 61.2528 2 14.647
      vertex 61.7595 0 14.8766
      vertex 61.7595 2 14.8766
    endloop
  endfacet
  facet normal -0.412733 0 0.910852
    outer loop
      vertex 61.7595 0 14.8766
      vertex 61.2528 2 14.647
      vertex 61.2528 0 14.647
    endloop
  endfacet
  facet normal 0.352187 0 0.93593
    outer loop
      vertex 54.7472 2 14.647
      vertex 55.2678 0 14.4511
      vertex 55.2678 2 14.4511
    endloop
  endfacet
  facet normal 0.352187 0 0.93593
    outer loop
      vertex 55.2678 0 14.4511
      vertex 54.7472 2 14.647
      vertex 54.7472 0 14.647
    endloop
  endfacet
  facet normal 0.290382 0 -0.956911
    outer loop
      vertex 55.2678 0 30.5489
      vertex 55.8 2 30.7104
      vertex 55.8 0 30.7104
    endloop
  endfacet
  facet normal 0.290382 0 -0.956911
    outer loop
      vertex 55.8 2 30.7104
      vertex 55.2678 0 30.5489
      vertex 55.2678 2 30.5489
    endloop
  endfacet
  facet normal 0.986645 -0 0.162883
    outer loop
      vertex 49.5727 0 21.3905
      vertex 49.6633 2 20.8417
      vertex 49.5727 2 21.3905
    endloop
  endfacet
  facet normal 0.986645 0 0.162883
    outer loop
      vertex 49.6633 2 20.8417
      vertex 49.5727 0 21.3905
      vertex 49.6633 0 20.8417
    endloop
  endfacet
  facet normal -0.910852 0 -0.412733
    outer loop
      vertex 65.853 0 25.7528
      vertex 65.6234 2 26.2595
      vertex 65.853 2 25.7528
    endloop
  endfacet
  facet normal -0.910852 -0 -0.412733
    outer loop
      vertex 65.6234 2 26.2595
      vertex 65.853 0 25.7528
      vertex 65.6234 0 26.2595
    endloop
  endfacet
  facet normal -0.0327222 0 0.999464
    outer loop
      vertex 58 2 14
      vertex 58.5559 0 14.0182
      vertex 58.5559 2 14.0182
    endloop
  endfacet
  facet normal -0.0327222 0 0.999464
    outer loop
      vertex 58.5559 0 14.0182
      vertex 58 2 14
      vertex 58 0 14
    endloop
  endfacet
  facet normal 0.956911 0 -0.290382
    outer loop
      vertex 49.9511 0 25.2322
      vertex 49.7896 2 24.7
      vertex 49.9511 2 25.2322
    endloop
  endfacet
  facet normal 0.956911 0 -0.290382
    outer loop
      vertex 49.7896 2 24.7
      vertex 49.9511 0 25.2322
      vertex 49.7896 0 24.7
    endloop
  endfacet
  facet normal 0.63449 0 -0.772931
    outer loop
      vertex 52.3956 0 28.8906
      vertex 52.8255 2 29.2435
      vertex 52.8255 0 29.2435
    endloop
  endfacet
  facet normal 0.63449 0 -0.772931
    outer loop
      vertex 52.8255 2 29.2435
      vertex 52.3956 0 28.8906
      vertex 52.3956 2 28.8906
    endloop
  endfacet
  facet normal -0.352187 0 -0.93593
    outer loop
      vertex 60.7322 0 30.5489
      vertex 61.2528 2 30.353
      vertex 61.2528 0 30.353
    endloop
  endfacet
  facet normal -0.352187 0 -0.93593
    outer loop
      vertex 61.2528 2 30.353
      vertex 60.7322 0 30.5489
      vertex 60.7322 2 30.5489
    endloop
  endfacet
  facet normal 0.582428 0 0.812882
    outer loop
      vertex 52.8255 2 15.7565
      vertex 53.2777 0 15.4325
      vertex 53.2777 2 15.4325
    endloop
  endfacet
  facet normal 0.582428 0 0.812882
    outer loop
      vertex 53.2777 0 15.4325
      vertex 52.8255 2 15.7565
      vertex 52.8255 0 15.7565
    endloop
  endfacet
  facet normal 0.999464 0 -0.0327222
    outer loop
      vertex 49.5182 0 23.0559
      vertex 49.5 2 22.5
      vertex 49.5182 2 23.0559
    endloop
  endfacet
  facet normal 0.999464 0 -0.0327222
    outer loop
      vertex 49.5 2 22.5
      vertex 49.5182 0 23.0559
      vertex 49.5 0 22.5
    endloop
  endfacet
  facet normal 0.528074 0 -0.849198
    outer loop
      vertex 53.2777 0 29.5675
      vertex 53.75 2 29.8612
      vertex 53.75 0 29.8612
    endloop
  endfacet
  facet normal 0.528074 0 -0.849198
    outer loop
      vertex 53.75 2 29.8612
      vertex 53.2777 0 29.5675
      vertex 53.2777 2 29.5675
    endloop
  endfacet
  facet normal -0.956911 0 -0.290382
    outer loop
      vertex 66.2104 0 24.7
      vertex 66.0489 2 25.2322
      vertex 66.2104 2 24.7
    endloop
  endfacet
  facet normal -0.956911 -0 -0.290382
    outer loop
      vertex 66.0489 2 25.2322
      vertex 66.2104 0 24.7
      vertex 66.0489 0 25.2322
    endloop
  endfacet
  facet normal 0.97388 -0 0.227065
    outer loop
      vertex 49.6633 0 20.8417
      vertex 49.7896 2 20.3
      vertex 49.6633 2 20.8417
    endloop
  endfacet
  facet normal 0.97388 0 0.227065
    outer loop
      vertex 49.7896 2 20.3
      vertex 49.6633 0 20.8417
      vertex 49.7896 0 20.3
    endloop
  endfacet
  facet normal -0.290382 0 -0.956911
    outer loop
      vertex 60.2 0 30.7104
      vertex 60.7322 2 30.5489
      vertex 60.7322 0 30.5489
    endloop
  endfacet
  facet normal -0.290382 0 -0.956911
    outer loop
      vertex 60.7322 2 30.5489
      vertex 60.2 0 30.7104
      vertex 60.2 2 30.7104
    endloop
  endfacet
  facet normal -0.986645 0 -0.162883
    outer loop
      vertex 66.4273 0 23.6095
      vertex 66.3367 2 24.1583
      vertex 66.4273 2 23.6095
    endloop
  endfacet
  facet normal -0.986645 -0 -0.162883
    outer loop
      vertex 66.3367 2 24.1583
      vertex 66.4273 0 23.6095
      vertex 66.3367 0 24.1583
    endloop
  endfacet
  facet normal 0.471428 0 -0.881905
    outer loop
      vertex 53.75 0 29.8612
      vertex 54.2405 2 30.1234
      vertex 54.2405 0 30.1234
    endloop
  endfacet
  facet normal 0.471428 0 -0.881905
    outer loop
      vertex 54.2405 2 30.1234
      vertex 53.75 0 29.8612
      vertex 53.75 2 29.8612
    endloop
  endfacet
  facet normal 0.93593 0 -0.352187
    outer loop
      vertex 50.147 0 25.7528
      vertex 49.9511 2 25.2322
      vertex 50.147 2 25.7528
    endloop
  endfacet
  facet normal 0.93593 0 -0.352187
    outer loop
      vertex 49.9511 2 25.2322
      vertex 50.147 0 25.7528
      vertex 49.9511 0 25.2322
    endloop
  endfacet
  facet normal 0.772931 -0 0.63449
    outer loop
      vertex 51.2565 0 17.3255
      vertex 51.6094 2 16.8956
      vertex 51.2565 2 17.3255
    endloop
  endfacet
  facet normal 0.772931 0 0.63449
    outer loop
      vertex 51.6094 2 16.8956
      vertex 51.2565 0 17.3255
      vertex 51.6094 0 16.8956
    endloop
  endfacet
  facet normal -0.63449 0 -0.772931
    outer loop
      vertex 63.1745 0 29.2435
      vertex 63.6044 2 28.8906
      vertex 63.6044 0 28.8906
    endloop
  endfacet
  facet normal -0.63449 0 -0.772931
    outer loop
      vertex 63.6044 2 28.8906
      vertex 63.1745 0 29.2435
      vertex 63.1745 2 29.2435
    endloop
  endfacet
  facet normal 0.412733 0 -0.910852
    outer loop
      vertex 54.2405 0 30.1234
      vertex 54.7472 2 30.353
      vertex 54.7472 0 30.353
    endloop
  endfacet
  facet normal 0.412733 0 -0.910852
    outer loop
      vertex 54.7472 2 30.353
      vertex 54.2405 0 30.1234
      vertex 54.2405 2 30.1234
    endloop
  endfacet
  facet normal 0.227065 0 -0.97388
    outer loop
      vertex 55.8 0 30.7104
      vertex 56.3417 2 30.8367
      vertex 56.3417 0 30.8367
    endloop
  endfacet
  facet normal 0.227065 0 -0.97388
    outer loop
      vertex 56.3417 2 30.8367
      vertex 55.8 0 30.7104
      vertex 55.8 2 30.7104
    endloop
  endfacet
  facet normal 0.881905 -0 0.471428
    outer loop
      vertex 50.3766 0 18.7405
      vertex 50.6388 2 18.25
      vertex 50.3766 2 18.7405
    endloop
  endfacet
  facet normal 0.881905 0 0.471428
    outer loop
      vertex 50.6388 2 18.25
      vertex 50.3766 0 18.7405
      vertex 50.6388 0 18.25
    endloop
  endfacet
  facet normal -0.471428 0 0.881905
    outer loop
      vertex 61.7595 2 14.8766
      vertex 62.25 0 15.1388
      vertex 62.25 2 15.1388
    endloop
  endfacet
  facet normal -0.471428 0 0.881905
    outer loop
      vertex 62.25 0 15.1388
      vertex 61.7595 2 14.8766
      vertex 61.7595 0 14.8766
    endloop
  endfacet
  facet normal -0.162883 0 0.986645
    outer loop
      vertex 59.1095 2 14.0727
      vertex 59.6583 0 14.1633
      vertex 59.6583 2 14.1633
    endloop
  endfacet
  facet normal -0.162883 0 0.986645
    outer loop
      vertex 59.6583 0 14.1633
      vertex 59.1095 2 14.0727
      vertex 59.1095 0 14.0727
    endloop
  endfacet
  facet normal -0.683534 0 -0.729918
    outer loop
      vertex 63.6044 0 28.8906
      vertex 64.0104 2 28.5104
      vertex 64.0104 0 28.5104
    endloop
  endfacet
  facet normal -0.683534 0 -0.729918
    outer loop
      vertex 64.0104 2 28.5104
      vertex 63.6044 0 28.8906
      vertex 63.6044 2 28.8906
    endloop
  endfacet
  facet normal 0.849198 -0 0.528074
    outer loop
      vertex 50.6388 0 18.25
      vertex 50.9325 2 17.7777
      vertex 50.6388 2 18.25
    endloop
  endfacet
  facet normal 0.849198 0 0.528074
    outer loop
      vertex 50.9325 2 17.7777
      vertex 50.6388 0 18.25
      vertex 50.9325 0 17.7777
    endloop
  endfacet
  facet normal 0.162883 0 -0.986645
    outer loop
      vertex 56.3417 0 30.8367
      vertex 56.8905 2 30.9273
      vertex 56.8905 0 30.9273
    endloop
  endfacet
  facet normal 0.162883 0 -0.986645
    outer loop
      vertex 56.8905 2 30.9273
      vertex 56.3417 0 30.8367
      vertex 56.3417 2 30.8367
    endloop
  endfacet
  facet normal -0.471428 0 -0.881905
    outer loop
      vertex 61.7595 0 30.1234
      vertex 62.25 2 29.8612
      vertex 62.25 0 29.8612
    endloop
  endfacet
  facet normal -0.471428 0 -0.881905
    outer loop
      vertex 62.25 2 29.8612
      vertex 61.7595 0 30.1234
      vertex 61.7595 2 30.1234
    endloop
  endfacet
  facet normal -0.528074 0 -0.849198
    outer loop
      vertex 62.25 0 29.8612
      vertex 62.7223 2 29.5675
      vertex 62.7223 0 29.5675
    endloop
  endfacet
  facet normal -0.528074 0 -0.849198
    outer loop
      vertex 62.7223 2 29.5675
      vertex 62.25 0 29.8612
      vertex 62.25 2 29.8612
    endloop
  endfacet
  facet normal 0.290382 0 0.956911
    outer loop
      vertex 55.2678 2 14.4511
      vertex 55.8 0 14.2896
      vertex 55.8 2 14.2896
    endloop
  endfacet
  facet normal 0.290382 0 0.956911
    outer loop
      vertex 55.8 0 14.2896
      vertex 55.2678 2 14.4511
      vertex 55.2678 0 14.4511
    endloop
  endfacet
  facet normal 0.93593 -0 0.352187
    outer loop
      vertex 49.9511 0 19.7678
      vertex 50.147 2 19.2472
      vertex 49.9511 2 19.7678
    endloop
  endfacet
  facet normal 0.93593 0 0.352187
    outer loop
      vertex 50.147 2 19.2472
      vertex 49.9511 0 19.7678
      vertex 50.147 0 19.2472
    endloop
  endfacet
  facet normal 0.910852 0 -0.412733
    outer loop
      vertex 50.3766 0 26.2595
      vertex 50.147 2 25.7528
      vertex 50.3766 2 26.2595
    endloop
  endfacet
  facet normal 0.910852 0 -0.412733
    outer loop
      vertex 50.147 2 25.7528
      vertex 50.3766 0 26.2595
      vertex 50.147 0 25.7528
    endloop
  endfacet
  facet normal -0.729918 0 0.683534
    outer loop
      vertex 64.0104 0 16.4896
      vertex 64.3906 2 16.8956
      vertex 64.0104 2 16.4896
    endloop
  endfacet
  facet normal -0.729918 0 0.683534
    outer loop
      vertex 64.3906 2 16.8956
      vertex 64.0104 0 16.4896
      vertex 64.3906 0 16.8956
    endloop
  endfacet
  facet normal -0.227065 0 0.97388
    outer loop
      vertex 59.6583 2 14.1633
      vertex 60.2 0 14.2896
      vertex 60.2 2 14.2896
    endloop
  endfacet
  facet normal -0.227065 0 0.97388
    outer loop
      vertex 60.2 0 14.2896
      vertex 59.6583 2 14.1633
      vertex 59.6583 0 14.1633
    endloop
  endfacet
  facet normal 0.0979729 0 -0.995189
    outer loop
      vertex 56.8905 0 30.9273
      vertex 57.4441 2 30.9818
      vertex 57.4441 0 30.9818
    endloop
  endfacet
  facet normal 0.0979729 0 -0.995189
    outer loop
      vertex 57.4441 2 30.9818
      vertex 56.8905 0 30.9273
      vertex 56.8905 2 30.9273
    endloop
  endfacet
  facet normal 0.910852 -0 0.412733
    outer loop
      vertex 50.147 0 19.2472
      vertex 50.3766 2 18.7405
      vertex 50.147 2 19.2472
    endloop
  endfacet
  facet normal 0.910852 0 0.412733
    outer loop
      vertex 50.3766 2 18.7405
      vertex 50.147 0 19.2472
      vertex 50.3766 0 18.7405
    endloop
  endfacet
  facet normal -0.995201 0 0.0978522
    outer loop
      vertex 82.7265 0 22.1411
      vertex 82.7441 2 22.3201
      vertex 82.7265 2 22.1411
    endloop
  endfacet
  facet normal -0.995201 0 0.0978522
    outer loop
      vertex 82.7441 2 22.3201
      vertex 82.7265 0 22.1411
      vertex 82.7441 0 22.3201
    endloop
  endfacet
  facet normal -0.999463 0 0.0327784
    outer loop
      vertex 82.7441 0 22.3201
      vertex 82.75 2 22.5
      vertex 82.7441 2 22.3201
    endloop
  endfacet
  facet normal -0.999463 0 0.0327784
    outer loop
      vertex 82.75 2 22.5
      vertex 82.7441 0 22.3201
      vertex 82.75 0 22.5
    endloop
  endfacet
  facet normal -0.68396 0 -0.72952
    outer loop
      vertex 81.8132 0 24.5676
      vertex 81.9445 2 24.4445
      vertex 81.9445 0 24.4445
    endloop
  endfacet
  facet normal -0.68396 0 -0.72952
    outer loop
      vertex 81.9445 2 24.4445
      vertex 81.8132 0 24.5676
      vertex 81.8132 2 24.5676
    endloop
  endfacet
  facet normal 0.881983 -0 0.47128
    outer loop
      vertex 77.5336 0 21.2837
      vertex 77.6184 2 21.125
      vertex 77.5336 2 21.2837
    endloop
  endfacet
  facet normal 0.881983 0 0.47128
    outer loop
      vertex 77.6184 2 21.125
      vertex 77.5336 0 21.2837
      vertex 77.6184 0 21.125
    endloop
  endfacet
  facet normal -0.0978522 0 0.995201
    outer loop
      vertex 80.1799 2 19.7559
      vertex 80.3589 0 19.7735
      vertex 80.3589 2 19.7735
    endloop
  endfacet
  facet normal -0.0978522 0 0.995201
    outer loop
      vertex 80.3589 0 19.7735
      vertex 80.1799 2 19.7559
      vertex 80.1799 0 19.7559
    endloop
  endfacet
  facet normal 0.227212 0 0.973845
    outer loop
      vertex 79.2882 2 19.8437
      vertex 79.4635 0 19.8028
      vertex 79.4635 2 19.8028
    endloop
  endfacet
  facet normal 0.227212 0 0.973845
    outer loop
      vertex 79.4635 0 19.8028
      vertex 79.2882 2 19.8437
      vertex 79.2882 0 19.8437
    endloop
  endfacet
  facet normal -0.634206 0 -0.773164
    outer loop
      vertex 81.6741 0 24.6817
      vertex 81.8132 2 24.5676
      vertex 81.8132 0 24.5676
    endloop
  endfacet
  facet normal -0.634206 0 -0.773164
    outer loop
      vertex 81.8132 2 24.5676
      vertex 81.6741 0 24.6817
      vertex 81.6741 2 24.6817
    endloop
  endfacet
  facet normal -0.973845 0 0.227212
    outer loop
      vertex 82.6563 0 21.7882
      vertex 82.6972 2 21.9635
      vertex 82.6563 2 21.7882
    endloop
  endfacet
  facet normal -0.973845 0 0.227212
    outer loop
      vertex 82.6972 2 21.9635
      vertex 82.6563 0 21.7882
      vertex 82.6972 0 21.9635
    endloop
  endfacet
  facet normal -0.162777 0 -0.986663
    outer loop
      vertex 80.3589 0 25.2265
      vertex 80.5365 2 25.1972
      vertex 80.5365 0 25.1972
    endloop
  endfacet
  facet normal -0.162777 0 -0.986663
    outer loop
      vertex 80.5365 2 25.1972
      vertex 80.3589 0 25.2265
      vertex 80.3589 2 25.2265
    endloop
  endfacet
  facet normal 0.68396 0 0.72952
    outer loop
      vertex 78.0555 2 20.5555
      vertex 78.1868 0 20.4324
      vertex 78.1868 2 20.4324
    endloop
  endfacet
  facet normal 0.68396 0 0.72952
    outer loop
      vertex 78.1868 0 20.4324
      vertex 78.0555 2 20.5555
      vertex 78.0555 0 20.5555
    endloop
  endfacet
  facet normal -0.812944 0 0.582341
    outer loop
      vertex 82.1817 0 20.8259
      vertex 82.2865 2 20.9722
      vertex 82.1817 2 20.8259
    endloop
  endfacet
  facet normal -0.812944 0 0.582341
    outer loop
      vertex 82.2865 2 20.9722
      vertex 82.1817 0 20.8259
      vertex 82.2865 0 20.9722
    endloop
  endfacet
  facet normal -0.881983 0 -0.47128
    outer loop
      vertex 82.4664 0 23.7163
      vertex 82.3816 2 23.875
      vertex 82.4664 2 23.7163
    endloop
  endfacet
  facet normal -0.881983 -0 -0.47128
    outer loop
      vertex 82.3816 2 23.875
      vertex 82.4664 0 23.7163
      vertex 82.3816 0 23.875
    endloop
  endfacet
  facet normal 0.0978522 0 -0.995201
    outer loop
      vertex 79.6411 0 25.2265
      vertex 79.8201 2 25.2441
      vertex 79.8201 0 25.2441
    endloop
  endfacet
  facet normal 0.0978522 0 -0.995201
    outer loop
      vertex 79.8201 2 25.2441
      vertex 79.6411 0 25.2265
      vertex 79.6411 2 25.2265
    endloop
  endfacet
  facet normal 0.999463 0 -0.0327784
    outer loop
      vertex 77.2559 0 22.6799
      vertex 77.25 2 22.5
      vertex 77.2559 2 22.6799
    endloop
  endfacet
  facet normal 0.999463 0 -0.0327784
    outer loop
      vertex 77.25 2 22.5
      vertex 77.2559 0 22.6799
      vertex 77.25 0 22.5
    endloop
  endfacet
  facet normal 0.773164 -0 0.634206
    outer loop
      vertex 77.8183 0 20.8259
      vertex 77.9324 2 20.6868
      vertex 77.8183 2 20.8259
    endloop
  endfacet
  facet normal 0.773164 0 0.634206
    outer loop
      vertex 77.9324 2 20.6868
      vertex 77.8183 0 20.8259
      vertex 77.9324 0 20.6868
    endloop
  endfacet
  facet normal -0.995201 0 -0.0978522
    outer loop
      vertex 82.7441 0 22.6799
      vertex 82.7265 2 22.8589
      vertex 82.7441 2 22.6799
    endloop
  endfacet
  facet normal -0.995201 -0 -0.0978522
    outer loop
      vertex 82.7265 2 22.8589
      vertex 82.7441 0 22.6799
      vertex 82.7265 0 22.8589
    endloop
  endfacet
  facet normal -0.0327784 0 -0.999463
    outer loop
      vertex 80 0 25.25
      vertex 80.1799 2 25.2441
      vertex 80.1799 0 25.2441
    endloop
  endfacet
  facet normal -0.0327784 0 -0.999463
    outer loop
      vertex 80.1799 2 25.2441
      vertex 80 0 25.25
      vertex 80 2 25.25
    endloop
  endfacet
  facet normal 0.848996 -0 0.5284
    outer loop
      vertex 77.6184 0 21.125
      vertex 77.7135 2 20.9722
      vertex 77.6184 2 21.125
    endloop
  endfacet
  facet normal 0.848996 0 0.5284
    outer loop
      vertex 77.7135 2 20.9722
      vertex 77.6184 0 21.125
      vertex 77.7135 0 20.9722
    endloop
  endfacet
  facet normal -0.812944 0 -0.582341
    outer loop
      vertex 82.2865 0 24.0278
      vertex 82.1817 2 24.1741
      vertex 82.2865 2 24.0278
    endloop
  endfacet
  facet normal -0.812944 -0 -0.582341
    outer loop
      vertex 82.1817 2 24.1741
      vertex 82.2865 0 24.0278
      vertex 82.1817 0 24.1741
    endloop
  endfacet
  facet normal 0.956996 -0 0.2901
    outer loop
      vertex 77.3437 0 21.7882
      vertex 77.3959 2 21.616
      vertex 77.3437 2 21.7882
    endloop
  endfacet
  facet normal 0.956996 0 0.2901
    outer loop
      vertex 77.3959 2 21.616
      vertex 77.3437 0 21.7882
      vertex 77.3959 0 21.616
    endloop
  endfacet
  facet normal -0.72952 0 0.68396
    outer loop
      vertex 81.9445 0 20.5555
      vertex 82.0676 2 20.6868
      vertex 81.9445 2 20.5555
    endloop
  endfacet
  facet normal -0.72952 0 0.68396
    outer loop
      vertex 82.0676 2 20.6868
      vertex 81.9445 0 20.5555
      vertex 82.0676 0 20.6868
    endloop
  endfacet
  facet normal -0.910785 0 0.412882
    outer loop
      vertex 82.4664 0 21.2837
      vertex 82.5407 2 21.4476
      vertex 82.4664 2 21.2837
    endloop
  endfacet
  facet normal -0.910785 0 0.412882
    outer loop
      vertex 82.5407 2 21.4476
      vertex 82.4664 0 21.2837
      vertex 82.5407 0 21.4476
    endloop
  endfacet
  facet normal -0.634206 0 0.773164
    outer loop
      vertex 81.6741 2 20.3183
      vertex 81.8132 0 20.4324
      vertex 81.8132 2 20.4324
    endloop
  endfacet
  facet normal -0.634206 0 0.773164
    outer loop
      vertex 81.8132 0 20.4324
      vertex 81.6741 2 20.3183
      vertex 81.6741 0 20.3183
    endloop
  endfacet
  facet normal -0.999463 0 -0.0327784
    outer loop
      vertex 82.75 0 22.5
      vertex 82.7441 2 22.6799
      vertex 82.75 2 22.5
    endloop
  endfacet
  facet normal -0.999463 -0 -0.0327784
    outer loop
      vertex 82.7441 2 22.6799
      vertex 82.75 0 22.5
      vertex 82.7441 0 22.6799
    endloop
  endfacet
  facet normal -0.956996 0 0.2901
    outer loop
      vertex 82.6041 0 21.616
      vertex 82.6563 2 21.7882
      vertex 82.6041 2 21.616
    endloop
  endfacet
  facet normal -0.956996 0 0.2901
    outer loop
      vertex 82.6563 2 21.7882
      vertex 82.6041 0 21.616
      vertex 82.6563 0 21.7882
    endloop
  endfacet
  facet normal 0.412882 0 -0.910785
    outer loop
      vertex 78.7837 0 24.9664
      vertex 78.9476 2 25.0407
      vertex 78.9476 0 25.0407
    endloop
  endfacet
  facet normal 0.412882 0 -0.910785
    outer loop
      vertex 78.9476 2 25.0407
      vertex 78.7837 0 24.9664
      vertex 78.7837 2 24.9664
    endloop
  endfacet
  facet normal -0.773164 0 -0.634206
    outer loop
      vertex 82.1817 0 24.1741
      vertex 82.0676 2 24.3132
      vertex 82.1817 2 24.1741
    endloop
  endfacet
  facet normal -0.773164 -0 -0.634206
    outer loop
      vertex 82.0676 2 24.3132
      vertex 82.1817 0 24.1741
      vertex 82.0676 0 24.3132
    endloop
  endfacet
  facet normal -0.582341 0 -0.812944
    outer loop
      vertex 81.5278 0 24.7865
      vertex 81.6741 2 24.6817
      vertex 81.6741 0 24.6817
    endloop
  endfacet
  facet normal -0.582341 0 -0.812944
    outer loop
      vertex 81.6741 2 24.6817
      vertex 81.5278 0 24.7865
      vertex 81.5278 2 24.7865
    endloop
  endfacet
  facet normal 0.0327784 0 -0.999463
    outer loop
      vertex 79.8201 0 25.2441
      vertex 80 2 25.25
      vertex 80 0 25.25
    endloop
  endfacet
  facet normal 0.0327784 0 -0.999463
    outer loop
      vertex 80 2 25.25
      vertex 79.8201 0 25.2441
      vertex 79.8201 2 25.2441
    endloop
  endfacet
  facet normal 0.582341 0 0.812944
    outer loop
      vertex 78.3259 2 20.3183
      vertex 78.4722 0 20.2135
      vertex 78.4722 2 20.2135
    endloop
  endfacet
  facet normal 0.582341 0 0.812944
    outer loop
      vertex 78.4722 0 20.2135
      vertex 78.3259 2 20.3183
      vertex 78.3259 0 20.3183
    endloop
  endfacet
  facet normal -0.352341 0 0.935872
    outer loop
      vertex 80.884 2 19.8959
      vertex 81.0524 0 19.9593
      vertex 81.0524 2 19.9593
    endloop
  endfacet
  facet normal -0.352341 0 0.935872
    outer loop
      vertex 81.0524 0 19.9593
      vertex 80.884 2 19.8959
      vertex 80.884 0 19.8959
    endloop
  endfacet
  facet normal -0.935872 0 0.352341
    outer loop
      vertex 82.5407 0 21.4476
      vertex 82.6041 2 21.616
      vertex 82.5407 2 21.4476
    endloop
  endfacet
  facet normal -0.935872 0 0.352341
    outer loop
      vertex 82.6041 2 21.616
      vertex 82.5407 0 21.4476
      vertex 82.6041 0 21.616
    endloop
  endfacet
  facet normal -0.2901 0 0.956996
    outer loop
      vertex 80.7118 2 19.8437
      vertex 80.884 0 19.8959
      vertex 80.884 2 19.8959
    endloop
  endfacet
  facet normal -0.2901 0 0.956996
    outer loop
      vertex 80.884 0 19.8959
      vertex 80.7118 2 19.8437
      vertex 80.7118 0 19.8437
    endloop
  endfacet
  facet normal 0.47128 0 -0.881983
    outer loop
      vertex 78.625 0 24.8816
      vertex 78.7837 2 24.9664
      vertex 78.7837 0 24.9664
    endloop
  endfacet
  facet normal 0.47128 0 -0.881983
    outer loop
      vertex 78.7837 2 24.9664
      vertex 78.625 0 24.8816
      vertex 78.625 2 24.8816
    endloop
  endfacet
  facet normal -0.935872 0 -0.352341
    outer loop
      vertex 82.6041 0 23.384
      vertex 82.5407 2 23.5524
      vertex 82.6041 2 23.384
    endloop
  endfacet
  facet normal -0.935872 -0 -0.352341
    outer loop
      vertex 82.5407 2 23.5524
      vertex 82.6041 0 23.384
      vertex 82.5407 0 23.5524
    endloop
  endfacet
  facet normal -0.412882 0 -0.910785
    outer loop
      vertex 81.0524 0 25.0407
      vertex 81.2163 2 24.9664
      vertex 81.2163 0 24.9664
    endloop
  endfacet
  facet normal -0.412882 0 -0.910785
    outer loop
      vertex 81.2163 2 24.9664
      vertex 81.0524 0 25.0407
      vertex 81.0524 2 25.0407
    endloop
  endfacet
  facet normal -0.5284 0 0.848996
    outer loop
      vertex 81.375 2 20.1184
      vertex 81.5278 0 20.2135
      vertex 81.5278 2 20.2135
    endloop
  endfacet
  facet normal -0.5284 0 0.848996
    outer loop
      vertex 81.5278 0 20.2135
      vertex 81.375 2 20.1184
      vertex 81.375 0 20.1184
    endloop
  endfacet
  facet normal 0.162777 0 0.986663
    outer loop
      vertex 79.4635 2 19.8028
      vertex 79.6411 0 19.7735
      vertex 79.6411 2 19.7735
    endloop
  endfacet
  facet normal 0.162777 0 0.986663
    outer loop
      vertex 79.6411 0 19.7735
      vertex 79.4635 2 19.8028
      vertex 79.4635 0 19.8028
    endloop
  endfacet
  facet normal 0.352341 0 0.935872
    outer loop
      vertex 78.9476 2 19.9593
      vertex 79.116 0 19.8959
      vertex 79.116 2 19.8959
    endloop
  endfacet
  facet normal 0.352341 0 0.935872
    outer loop
      vertex 79.116 0 19.8959
      vertex 78.9476 2 19.9593
      vertex 78.9476 0 19.9593
    endloop
  endfacet
  facet normal -0.956996 0 -0.2901
    outer loop
      vertex 82.6563 0 23.2118
      vertex 82.6041 2 23.384
      vertex 82.6563 2 23.2118
    endloop
  endfacet
  facet normal -0.956996 -0 -0.2901
    outer loop
      vertex 82.6041 2 23.384
      vertex 82.6563 0 23.2118
      vertex 82.6041 0 23.384
    endloop
  endfacet
  facet normal -0.0978522 0 -0.995201
    outer loop
      vertex 80.1799 0 25.2441
      vertex 80.3589 2 25.2265
      vertex 80.3589 0 25.2265
    endloop
  endfacet
  facet normal -0.0978522 0 -0.995201
    outer loop
      vertex 80.3589 2 25.2265
      vertex 80.1799 0 25.2441
      vertex 80.1799 2 25.2441
    endloop
  endfacet
  facet normal 0.812944 -0 0.582341
    outer loop
      vertex 77.7135 0 20.9722
      vertex 77.8183 2 20.8259
      vertex 77.7135 2 20.9722
    endloop
  endfacet
  facet normal 0.812944 0 0.582341
    outer loop
      vertex 77.8183 2 20.8259
      vertex 77.7135 0 20.9722
      vertex 77.8183 0 20.8259
    endloop
  endfacet
  facet normal -0.352341 0 -0.935872
    outer loop
      vertex 80.884 0 25.1041
      vertex 81.0524 2 25.0407
      vertex 81.0524 0 25.0407
    endloop
  endfacet
  facet normal -0.352341 0 -0.935872
    outer loop
      vertex 81.0524 2 25.0407
      vertex 80.884 0 25.1041
      vertex 80.884 2 25.1041
    endloop
  endfacet
  facet normal 0.999463 -0 0.0327784
    outer loop
      vertex 77.25 0 22.5
      vertex 77.2559 2 22.3201
      vertex 77.25 2 22.5
    endloop
  endfacet
  facet normal 0.999463 0 0.0327784
    outer loop
      vertex 77.2559 2 22.3201
      vertex 77.25 0 22.5
      vertex 77.2559 0 22.3201
    endloop
  endfacet
  facet normal 0.634206 0 0.773164
    outer loop
      vertex 78.1868 2 20.4324
      vertex 78.3259 0 20.3183
      vertex 78.3259 2 20.3183
    endloop
  endfacet
  facet normal 0.634206 0 0.773164
    outer loop
      vertex 78.3259 0 20.3183
      vertex 78.1868 2 20.4324
      vertex 78.1868 0 20.4324
    endloop
  endfacet
  facet normal 0.47128 0 0.881983
    outer loop
      vertex 78.625 2 20.1184
      vertex 78.7837 0 20.0336
      vertex 78.7837 2 20.0336
    endloop
  endfacet
  facet normal 0.47128 0 0.881983
    outer loop
      vertex 78.7837 0 20.0336
      vertex 78.625 2 20.1184
      vertex 78.625 0 20.1184
    endloop
  endfacet
  facet normal -0.72952 0 -0.68396
    outer loop
      vertex 82.0676 0 24.3132
      vertex 81.9445 2 24.4445
      vertex 82.0676 2 24.3132
    endloop
  endfacet
  facet normal -0.72952 -0 -0.68396
    outer loop
      vertex 81.9445 2 24.4445
      vertex 82.0676 0 24.3132
      vertex 81.9445 0 24.4445
    endloop
  endfacet
  facet normal -0.848996 0 -0.5284
    outer loop
      vertex 82.3816 0 23.875
      vertex 82.2865 2 24.0278
      vertex 82.3816 2 23.875
    endloop
  endfacet
  facet normal -0.848996 -0 -0.5284
    outer loop
      vertex 82.2865 2 24.0278
      vertex 82.3816 0 23.875
      vertex 82.2865 0 24.0278
    endloop
  endfacet
  facet normal 0.72952 0 -0.68396
    outer loop
      vertex 78.0555 0 24.4445
      vertex 77.9324 2 24.3132
      vertex 78.0555 2 24.4445
    endloop
  endfacet
  facet normal 0.72952 0 -0.68396
    outer loop
      vertex 77.9324 2 24.3132
      vertex 78.0555 0 24.4445
      vertex 77.9324 0 24.3132
    endloop
  endfacet
  facet normal 0.582341 0 -0.812944
    outer loop
      vertex 78.3259 0 24.6817
      vertex 78.4722 2 24.7865
      vertex 78.4722 0 24.7865
    endloop
  endfacet
  facet normal 0.582341 0 -0.812944
    outer loop
      vertex 78.4722 2 24.7865
      vertex 78.3259 0 24.6817
      vertex 78.3259 2 24.6817
    endloop
  endfacet
  facet normal 0.0978522 0 0.995201
    outer loop
      vertex 79.6411 2 19.7735
      vertex 79.8201 0 19.7559
      vertex 79.8201 2 19.7559
    endloop
  endfacet
  facet normal 0.0978522 0 0.995201
    outer loop
      vertex 79.8201 0 19.7559
      vertex 79.6411 2 19.7735
      vertex 79.6411 0 19.7735
    endloop
  endfacet
  facet normal 0.72952 -0 0.68396
    outer loop
      vertex 77.9324 0 20.6868
      vertex 78.0555 2 20.5555
      vertex 77.9324 2 20.6868
    endloop
  endfacet
  facet normal 0.72952 0 0.68396
    outer loop
      vertex 78.0555 2 20.5555
      vertex 77.9324 0 20.6868
      vertex 78.0555 0 20.5555
    endloop
  endfacet
  facet normal 0.412882 0 0.910785
    outer loop
      vertex 78.7837 2 20.0336
      vertex 78.9476 0 19.9593
      vertex 78.9476 2 19.9593
    endloop
  endfacet
  facet normal 0.412882 0 0.910785
    outer loop
      vertex 78.9476 0 19.9593
      vertex 78.7837 2 20.0336
      vertex 78.7837 0 20.0336
    endloop
  endfacet
  facet normal -0.162777 0 0.986663
    outer loop
      vertex 80.3589 2 19.7735
      vertex 80.5365 0 19.8028
      vertex 80.5365 2 19.8028
    endloop
  endfacet
  facet normal -0.162777 0 0.986663
    outer loop
      vertex 80.5365 0 19.8028
      vertex 80.3589 2 19.7735
      vertex 80.3589 0 19.7735
    endloop
  endfacet
  facet normal 0.773164 0 -0.634206
    outer loop
      vertex 77.9324 0 24.3132
      vertex 77.8183 2 24.1741
      vertex 77.9324 2 24.3132
    endloop
  endfacet
  facet normal 0.773164 0 -0.634206
    outer loop
      vertex 77.8183 2 24.1741
      vertex 77.9324 0 24.3132
      vertex 77.8183 0 24.1741
    endloop
  endfacet
  facet normal -0.773164 0 0.634206
    outer loop
      vertex 82.0676 0 20.6868
      vertex 82.1817 2 20.8259
      vertex 82.0676 2 20.6868
    endloop
  endfacet
  facet normal -0.773164 0 0.634206
    outer loop
      vertex 82.1817 2 20.8259
      vertex 82.0676 0 20.6868
      vertex 82.1817 0 20.8259
    endloop
  endfacet
  facet normal 0.910785 0 -0.412882
    outer loop
      vertex 77.5336 0 23.7163
      vertex 77.4593 2 23.5524
      vertex 77.5336 2 23.7163
    endloop
  endfacet
  facet normal 0.910785 0 -0.412882
    outer loop
      vertex 77.4593 2 23.5524
      vertex 77.5336 0 23.7163
      vertex 77.4593 0 23.5524
    endloop
  endfacet
  facet normal -0.973845 0 -0.227212
    outer loop
      vertex 82.6972 0 23.0365
      vertex 82.6563 2 23.2118
      vertex 82.6972 2 23.0365
    endloop
  endfacet
  facet normal -0.973845 -0 -0.227212
    outer loop
      vertex 82.6563 2 23.2118
      vertex 82.6972 0 23.0365
      vertex 82.6563 0 23.2118
    endloop
  endfacet
  facet normal 0.2901 0 -0.956996
    outer loop
      vertex 79.116 0 25.1041
      vertex 79.2882 2 25.1563
      vertex 79.2882 0 25.1563
    endloop
  endfacet
  facet normal 0.2901 0 -0.956996
    outer loop
      vertex 79.2882 2 25.1563
      vertex 79.116 0 25.1041
      vertex 79.116 2 25.1041
    endloop
  endfacet
  facet normal -0.986663 0 -0.162777
    outer loop
      vertex 82.7265 0 22.8589
      vertex 82.6972 2 23.0365
      vertex 82.7265 2 22.8589
    endloop
  endfacet
  facet normal -0.986663 -0 -0.162777
    outer loop
      vertex 82.6972 2 23.0365
      vertex 82.7265 0 22.8589
      vertex 82.6972 0 23.0365
    endloop
  endfacet
  facet normal 0.162777 0 -0.986663
    outer loop
      vertex 79.4635 0 25.1972
      vertex 79.6411 2 25.2265
      vertex 79.6411 0 25.2265
    endloop
  endfacet
  facet normal 0.162777 0 -0.986663
    outer loop
      vertex 79.6411 2 25.2265
      vertex 79.4635 0 25.1972
      vertex 79.4635 2 25.1972
    endloop
  endfacet
  facet normal -0.412882 0 0.910785
    outer loop
      vertex 81.0524 2 19.9593
      vertex 81.2163 0 20.0336
      vertex 81.2163 2 20.0336
    endloop
  endfacet
  facet normal -0.412882 0 0.910785
    outer loop
      vertex 81.2163 0 20.0336
      vertex 81.0524 2 19.9593
      vertex 81.0524 0 19.9593
    endloop
  endfacet
  facet normal -0.68396 0 0.72952
    outer loop
      vertex 81.8132 2 20.4324
      vertex 81.9445 0 20.5555
      vertex 81.9445 2 20.5555
    endloop
  endfacet
  facet normal -0.68396 0 0.72952
    outer loop
      vertex 81.9445 0 20.5555
      vertex 81.8132 2 20.4324
      vertex 81.8132 0 20.4324
    endloop
  endfacet
  facet normal -0.47128 0 0.881983
    outer loop
      vertex 81.2163 2 20.0336
      vertex 81.375 0 20.1184
      vertex 81.375 2 20.1184
    endloop
  endfacet
  facet normal -0.47128 0 0.881983
    outer loop
      vertex 81.375 0 20.1184
      vertex 81.2163 2 20.0336
      vertex 81.2163 0 20.0336
    endloop
  endfacet
  facet normal -0.986663 0 0.162777
    outer loop
      vertex 82.6972 0 21.9635
      vertex 82.7265 2 22.1411
      vertex 82.6972 2 21.9635
    endloop
  endfacet
  facet normal -0.986663 0 0.162777
    outer loop
      vertex 82.7265 2 22.1411
      vertex 82.6972 0 21.9635
      vertex 82.7265 0 22.1411
    endloop
  endfacet
  facet normal -0.582341 0 0.812944
    outer loop
      vertex 81.5278 2 20.2135
      vertex 81.6741 0 20.3183
      vertex 81.6741 2 20.3183
    endloop
  endfacet
  facet normal -0.582341 0 0.812944
    outer loop
      vertex 81.6741 0 20.3183
      vertex 81.5278 2 20.2135
      vertex 81.5278 0 20.2135
    endloop
  endfacet
  facet normal -0.881983 0 0.47128
    outer loop
      vertex 82.3816 0 21.125
      vertex 82.4664 2 21.2837
      vertex 82.3816 2 21.125
    endloop
  endfacet
  facet normal -0.881983 0 0.47128
    outer loop
      vertex 82.4664 2 21.2837
      vertex 82.3816 0 21.125
      vertex 82.4664 0 21.2837
    endloop
  endfacet
  facet normal 0.986663 0 -0.162777
    outer loop
      vertex 77.3028 0 23.0365
      vertex 77.2735 2 22.8589
      vertex 77.3028 2 23.0365
    endloop
  endfacet
  facet normal 0.986663 0 -0.162777
    outer loop
      vertex 77.2735 2 22.8589
      vertex 77.3028 0 23.0365
      vertex 77.2735 0 22.8589
    endloop
  endfacet
  facet normal 0.995201 0 -0.0978522
    outer loop
      vertex 77.2735 0 22.8589
      vertex 77.2559 2 22.6799
      vertex 77.2735 2 22.8589
    endloop
  endfacet
  facet normal 0.995201 0 -0.0978522
    outer loop
      vertex 77.2559 2 22.6799
      vertex 77.2735 0 22.8589
      vertex 77.2559 0 22.6799
    endloop
  endfacet
  facet normal -0.848996 0 0.5284
    outer loop
      vertex 82.2865 0 20.9722
      vertex 82.3816 2 21.125
      vertex 82.2865 2 20.9722
    endloop
  endfacet
  facet normal -0.848996 0 0.5284
    outer loop
      vertex 82.3816 2 21.125
      vertex 82.2865 0 20.9722
      vertex 82.3816 0 21.125
    endloop
  endfacet
  facet normal -0.910785 0 -0.412882
    outer loop
      vertex 82.5407 0 23.5524
      vertex 82.4664 2 23.7163
      vertex 82.5407 2 23.5524
    endloop
  endfacet
  facet normal -0.910785 -0 -0.412882
    outer loop
      vertex 82.4664 2 23.7163
      vertex 82.5407 0 23.5524
      vertex 82.4664 0 23.7163
    endloop
  endfacet
  facet normal 0.848996 0 -0.5284
    outer loop
      vertex 77.7135 0 24.0278
      vertex 77.6184 2 23.875
      vertex 77.7135 2 24.0278
    endloop
  endfacet
  facet normal 0.848996 0 -0.5284
    outer loop
      vertex 77.6184 2 23.875
      vertex 77.7135 0 24.0278
      vertex 77.6184 0 23.875
    endloop
  endfacet
  facet normal 0.352341 0 -0.935872
    outer loop
      vertex 78.9476 0 25.0407
      vertex 79.116 2 25.1041
      vertex 79.116 0 25.1041
    endloop
  endfacet
  facet normal 0.352341 0 -0.935872
    outer loop
      vertex 79.116 2 25.1041
      vertex 78.9476 0 25.0407
      vertex 78.9476 2 25.0407
    endloop
  endfacet
  facet normal 0.910785 -0 0.412882
    outer loop
      vertex 77.4593 0 21.4476
      vertex 77.5336 2 21.2837
      vertex 77.4593 2 21.4476
    endloop
  endfacet
  facet normal 0.910785 0 0.412882
    outer loop
      vertex 77.5336 2 21.2837
      vertex 77.4593 0 21.4476
      vertex 77.5336 0 21.2837
    endloop
  endfacet
  facet normal 0.68396 0 -0.72952
    outer loop
      vertex 78.0555 0 24.4445
      vertex 78.1868 2 24.5676
      vertex 78.1868 0 24.5676
    endloop
  endfacet
  facet normal 0.68396 0 -0.72952
    outer loop
      vertex 78.1868 2 24.5676
      vertex 78.0555 0 24.4445
      vertex 78.0555 2 24.4445
    endloop
  endfacet
  facet normal 0.995201 -0 0.0978522
    outer loop
      vertex 77.2559 0 22.3201
      vertex 77.2735 2 22.1411
      vertex 77.2559 2 22.3201
    endloop
  endfacet
  facet normal 0.995201 0 0.0978522
    outer loop
      vertex 77.2735 2 22.1411
      vertex 77.2559 0 22.3201
      vertex 77.2735 0 22.1411
    endloop
  endfacet
  facet normal 0.935872 0 -0.352341
    outer loop
      vertex 77.4593 0 23.5524
      vertex 77.3959 2 23.384
      vertex 77.4593 2 23.5524
    endloop
  endfacet
  facet normal 0.935872 0 -0.352341
    outer loop
      vertex 77.3959 2 23.384
      vertex 77.4593 0 23.5524
      vertex 77.3959 0 23.384
    endloop
  endfacet
  facet normal -0.5284 0 -0.848996
    outer loop
      vertex 81.375 0 24.8816
      vertex 81.5278 2 24.7865
      vertex 81.5278 0 24.7865
    endloop
  endfacet
  facet normal -0.5284 0 -0.848996
    outer loop
      vertex 81.5278 2 24.7865
      vertex 81.375 0 24.8816
      vertex 81.375 2 24.8816
    endloop
  endfacet
  facet normal -0.47128 0 -0.881983
    outer loop
      vertex 81.2163 0 24.9664
      vertex 81.375 2 24.8816
      vertex 81.375 0 24.8816
    endloop
  endfacet
  facet normal -0.47128 0 -0.881983
    outer loop
      vertex 81.375 2 24.8816
      vertex 81.2163 0 24.9664
      vertex 81.2163 2 24.9664
    endloop
  endfacet
  facet normal 0.812944 0 -0.582341
    outer loop
      vertex 77.8183 0 24.1741
      vertex 77.7135 2 24.0278
      vertex 77.8183 2 24.1741
    endloop
  endfacet
  facet normal 0.812944 0 -0.582341
    outer loop
      vertex 77.7135 2 24.0278
      vertex 77.8183 0 24.1741
      vertex 77.7135 0 24.0278
    endloop
  endfacet
  facet normal 0.973845 0 -0.227212
    outer loop
      vertex 77.3437 0 23.2118
      vertex 77.3028 2 23.0365
      vertex 77.3437 2 23.2118
    endloop
  endfacet
  facet normal 0.973845 0 -0.227212
    outer loop
      vertex 77.3028 2 23.0365
      vertex 77.3437 0 23.2118
      vertex 77.3028 0 23.0365
    endloop
  endfacet
  facet normal -0.227212 0 -0.973845
    outer loop
      vertex 80.5365 0 25.1972
      vertex 80.7118 2 25.1563
      vertex 80.7118 0 25.1563
    endloop
  endfacet
  facet normal -0.227212 0 -0.973845
    outer loop
      vertex 80.7118 2 25.1563
      vertex 80.5365 0 25.1972
      vertex 80.5365 2 25.1972
    endloop
  endfacet
  facet normal 0.956996 0 -0.2901
    outer loop
      vertex 77.3959 0 23.384
      vertex 77.3437 2 23.2118
      vertex 77.3959 2 23.384
    endloop
  endfacet
  facet normal 0.956996 0 -0.2901
    outer loop
      vertex 77.3437 2 23.2118
      vertex 77.3959 0 23.384
      vertex 77.3437 0 23.2118
    endloop
  endfacet
  facet normal 0.5284 0 0.848996
    outer loop
      vertex 78.4722 2 20.2135
      vertex 78.625 0 20.1184
      vertex 78.625 2 20.1184
    endloop
  endfacet
  facet normal 0.5284 0 0.848996
    outer loop
      vertex 78.625 0 20.1184
      vertex 78.4722 2 20.2135
      vertex 78.4722 0 20.2135
    endloop
  endfacet
  facet normal 0.0327784 0 0.999463
    outer loop
      vertex 79.8201 2 19.7559
      vertex 80 0 19.75
      vertex 80 2 19.75
    endloop
  endfacet
  facet normal 0.0327784 0 0.999463
    outer loop
      vertex 80 0 19.75
      vertex 79.8201 2 19.7559
      vertex 79.8201 0 19.7559
    endloop
  endfacet
  facet normal 0.986663 -0 0.162777
    outer loop
      vertex 77.2735 0 22.1411
      vertex 77.3028 2 21.9635
      vertex 77.2735 2 22.1411
    endloop
  endfacet
  facet normal 0.986663 0 0.162777
    outer loop
      vertex 77.3028 2 21.9635
      vertex 77.2735 0 22.1411
      vertex 77.3028 0 21.9635
    endloop
  endfacet
  facet normal 0.881983 0 -0.47128
    outer loop
      vertex 77.6184 0 23.875
      vertex 77.5336 2 23.7163
      vertex 77.6184 2 23.875
    endloop
  endfacet
  facet normal 0.881983 0 -0.47128
    outer loop
      vertex 77.5336 2 23.7163
      vertex 77.6184 0 23.875
      vertex 77.5336 0 23.7163
    endloop
  endfacet
  facet normal -0.0327784 0 0.999463
    outer loop
      vertex 80 2 19.75
      vertex 80.1799 0 19.7559
      vertex 80.1799 2 19.7559
    endloop
  endfacet
  facet normal -0.0327784 0 0.999463
    outer loop
      vertex 80.1799 0 19.7559
      vertex 80 2 19.75
      vertex 80 0 19.75
    endloop
  endfacet
  facet normal 0.935872 -0 0.352341
    outer loop
      vertex 77.3959 0 21.616
      vertex 77.4593 2 21.4476
      vertex 77.3959 2 21.616
    endloop
  endfacet
  facet normal 0.935872 0 0.352341
    outer loop
      vertex 77.4593 2 21.4476
      vertex 77.3959 0 21.616
      vertex 77.4593 0 21.4476
    endloop
  endfacet
  facet normal 0.973845 -0 0.227212
    outer loop
      vertex 77.3028 0 21.9635
      vertex 77.3437 2 21.7882
      vertex 77.3028 2 21.9635
    endloop
  endfacet
  facet normal 0.973845 0 0.227212
    outer loop
      vertex 77.3437 2 21.7882
      vertex 77.3028 0 21.9635
      vertex 77.3437 0 21.7882
    endloop
  endfacet
  facet normal 0.2901 0 0.956996
    outer loop
      vertex 79.116 2 19.8959
      vertex 79.2882 0 19.8437
      vertex 79.2882 2 19.8437
    endloop
  endfacet
  facet normal 0.2901 0 0.956996
    outer loop
      vertex 79.2882 0 19.8437
      vertex 79.116 2 19.8959
      vertex 79.116 0 19.8959
    endloop
  endfacet
  facet normal 0.227212 0 -0.973845
    outer loop
      vertex 79.2882 0 25.1563
      vertex 79.4635 2 25.1972
      vertex 79.4635 0 25.1972
    endloop
  endfacet
  facet normal 0.227212 0 -0.973845
    outer loop
      vertex 79.4635 2 25.1972
      vertex 79.2882 0 25.1563
      vertex 79.2882 2 25.1563
    endloop
  endfacet
  facet normal -0.227212 0 0.973845
    outer loop
      vertex 80.5365 2 19.8028
      vertex 80.7118 0 19.8437
      vertex 80.7118 2 19.8437
    endloop
  endfacet
  facet normal -0.227212 0 0.973845
    outer loop
      vertex 80.7118 0 19.8437
      vertex 80.5365 2 19.8028
      vertex 80.5365 0 19.8028
    endloop
  endfacet
  facet normal 0.5284 0 -0.848996
    outer loop
      vertex 78.4722 0 24.7865
      vertex 78.625 2 24.8816
      vertex 78.625 0 24.8816
    endloop
  endfacet
  facet normal 0.5284 0 -0.848996
    outer loop
      vertex 78.625 2 24.8816
      vertex 78.4722 0 24.7865
      vertex 78.4722 2 24.7865
    endloop
  endfacet
  facet normal 0.634206 0 -0.773164
    outer loop
      vertex 78.1868 0 24.5676
      vertex 78.3259 2 24.6817
      vertex 78.3259 0 24.6817
    endloop
  endfacet
  facet normal 0.634206 0 -0.773164
    outer loop
      vertex 78.3259 2 24.6817
      vertex 78.1868 0 24.5676
      vertex 78.1868 2 24.5676
    endloop
  endfacet
  facet normal -0.2901 0 -0.956996
    outer loop
      vertex 80.7118 0 25.1563
      vertex 80.884 2 25.1041
      vertex 80.884 0 25.1041
    endloop
  endfacet
  facet normal -0.2901 0 -0.956996
    outer loop
      vertex 80.884 2 25.1041
      vertex 80.7118 0 25.1563
      vertex 80.7118 2 25.1563
    endloop
  endfacet
  facet normal -1 0 0
    outer loop
      vertex 57.5 68 3
      vertex 57.5 70 15
      vertex 57.5 70 3
    endloop
  endfacet
  facet normal -1 -0 0
    outer loop
      vertex 57.5 70 15
      vertex 57.5 68 3
      vertex 57.5 68 15
    endloop
  endfacet
  facet normal 0 0 -1
    outer loop
      vertex 37.5 68 15
      vertex 57.5 70 15
      vertex 57.5 68 15
    endloop
  endfacet
  facet normal -0 0 -1
    outer loop
      vertex 57.5 70 15
      vertex 37.5 68 15
      vertex 37.5 70 15
    endloop
  endfacet
  facet normal -0 0 1
    outer loop
      vertex 37.5 70 3
      vertex 57.5 68 3
      vertex 57.5 70 3
    endloop
  endfacet
  facet normal 0 0 1
    outer loop
      vertex 57.5 68 3
      vertex 37.5 70 3
      vertex 37.5 68 3
    endloop
  endfacet
  facet normal 1 -0 0
    outer loop
      vertex 37.5 68 15
      vertex 37.5 70 3
      vertex 37.5 70 15
    endloop
  endfacet
  facet normal 1 0 0
    outer loop
      vertex 37.5 70 3
      vertex 37.5 68 15
      vertex 37.5 68 3
    endloop
  endfacet
  facet normal 1 -0 0
    outer loop
      vertex 200 0 2
      vertex 200 70 0
      vertex 200 70 2
    endloop
  endfacet
  facet normal 1 0 0
    outer loop
      vertex 200 70 0
      vertex 200 0 2
      vertex 200 0 0
    endloop
  endfacet
  facet normal 0 0 -1
    outer loop
      vertex 105 0 0
      vertex 200 70 0
      vertex 200 0 0
    endloop
  endfacet
  facet normal -0 0 -1
    outer loop
      vertex 200 70 0
      vertex 105 0 0
      vertex 105 70 0
    endloop
  endfacet
  facet normal 0 0 1
    outer loop
      vertex 200 70 2
      vertex 197.7 67.7 2
      vertex 200 0 2
    endloop
  endfacet
  facet normal 0 0 1
    outer loop
      vertex 200 70 2
      vertex 107.3 67.7 2
      vertex 197.7 67.7 2
    endloop
  endfacet
  facet normal 0 0 1
    outer loop
      vertex 107.3 67.7 2
      vertex 105 70 2
      vertex 107.3 2.3 2
    endloop
  endfacet
  facet normal -0 0 1
    outer loop
      vertex 105 70 2
      vertex 107.3 67.7 2
      vertex 200 70 2
    endloop
  endfacet
  facet normal -0 0 1
    outer loop
      vertex 197.7 2.3 2
      vertex 200 0 2
      vertex 197.7 67.7 2
    endloop
  endfacet
  facet normal -0 0 1
    outer loop
      vertex 107.3 2.3 2
      vertex 200 0 2
      vertex 197.7 2.3 2
    endloop
  endfacet
  facet normal 0 0 1
    outer loop
      vertex 107.3 2.3 2
      vertex 105 0 2
      vertex 200 0 2
    endloop
  endfacet
  facet normal 0 0 1
    outer loop
      vertex 105 0 2
      vertex 107.3 2.3 2
      vertex 105 70 2
    endloop
  endfacet
  facet normal -1 0 0
    outer loop
      vertex 105 0 0
      vertex 105 70 2
      vertex 105 70 0
    endloop
  endfacet
  facet normal -1 -0 0
    outer loop
      vertex 105 70 2
      vertex 105 0 0
      vertex 105 0 2
    endloop
  endfacet
  facet normal 0 -1 0
    outer loop
      vertex 105 0 0
      vertex 200 0 2
      vertex 105 0 2
    endloop
  endfacet
  facet normal 0 -1 -0
    outer loop
      vertex 200 0 2
      vertex 105 0 0
      vertex 200 0 0
    endloop
  endfacet
  facet normal 0 1 -0
    outer loop
      vertex 200 70 0
      vertex 105 70 2
      vertex 200 70 2
    endloop
  endfacet
  facet normal 0 1 0
    outer loop
      vertex 105 70 2
      vertex 200 70 0
      vertex 105 70 0
    endloop
  endfacet
  facet normal 1 -0 0
    outer loop
      vertex 197.7 2.3 5
      vertex 197.7 67.7 2
      vertex 197.7 67.7 5
    endloop
  endfacet
  facet normal 1 0 0
    outer loop
      vertex 197.7 67.7 2
      vertex 197.7 2.3 5
      vertex 197.7 2.3 2
    endloop
  endfacet
  facet normal -0 0 1
    outer loop
      vertex 107.3 67.7 5
      vertex 197.7 2.3 5
      vertex 197.7 67.7 5
    endloop
  endfacet
  facet normal 0 0 1
    outer loop
      vertex 197.7 2.3 5
      vertex 107.3 67.7 5
      vertex 107.3 2.3 5
    endloop
  endfacet
  facet normal -1 0 0
    outer loop
      vertex 107.3 2.3 2
      vertex 107.3 67.7 5
      vertex 107.3 67.7 2
    endloop
  endfacet
  facet normal -1 -0 0
    outer loop
      vertex 107.3 67.7 5
      vertex 107.3 2.3 2
      vertex 107.3 2.3 5
    endloop
  endfacet
  facet normal 0 -1 0
    outer loop
      vertex 107.3 2.3 2
      vertex 197.7 2.3 5
      vertex 107.3 2.3 5
    endloop
  endfacet
  facet normal 0 -1 -0
    outer loop
      vertex 197.7 2.3 5
      vertex 107.3 2.3 2
      vertex 197.7 2.3 2
    endloop
  endfacet
  facet normal 0 1 -0
    outer loop
      vertex 197.7 67.7 2
      vertex 107.3 67.7 5
      vertex 197.7 67.7 5
    endloop
  endfacet
  facet normal 0 1 0
    outer loop
      vertex 107.3 67.7 5
      vertex 197.7 67.7 2
      vertex 107.3 67.7 2
    endloop
  endfacet
endsolid OpenSCAD_Model
